"2849740";"Day Of The Tank";"";"None";"['Big Turtle']";"[]";"False";"{'windows': True, 'mac': True, 'linux': True}"
"2849750";"KILLDOZER SIMULATOR";"";"None";"['wildgoose']";"[]";"False";"{'windows': True, 'mac': False, 'linux': True}"
"2849760";"Onychomp : Lush journey";"";"None";"['Howl Studio']";"[]";"False";"{'windows': True, 'mac': False, 'linux': False}"
"2849870";"Snip It!";"";"None";"['ryshaw']";"[]";"False";"{'windows': True, 'mac': False, 'linux': False}"
"2849910";"Blood Crossroad";"";"None";"['TerrorForgeStudios', 'Serafini Productions']";"[]";"False";"{'windows': True, 'mac': False, 'linux': False}"
"2849930";"Shanghai Gold";"";"None";"['Tempest Software']";"[]";"False";"{'windows': True, 'mac': False, 'linux': False}"
"2849950";"The Next Kingpin";"";"None";"['Madd Gaming']";"[]";"False";"{'windows': True, 'mac': False, 'linux': False}"
"2850040";"Kejora Playtest";"";"None";"[]";"[]";"False";"{'windows': True, 'mac': False, 'linux': False}"
"2850100";"Dungeon Exiles";"";"None";"['Gronkins']";"[]";"False";"{'windows': True, 'mac': False, 'linux': False}"
"2850110";"The Dream Within";"";"None";"['Roaming of Little Hammer']";"[]";"False";"{'windows': True, 'mac': False, 'linux': False}"
"2850120";"Planetstar Warrior";"1,99‚Ç¨";"None";"['Todd Frantz']";"[]";"False";"{'windows': True, 'mac': False, 'linux': False}"
"2850200";"Silicon Wasteland";"";"None";"['vidboy']";"[]";"False";"{'windows': True, 'mac': False, 'linux': False}"
"2850220";"The Girl's Moving Castle";"";"None";"['ÊàêÈÉΩÈ°ΩÁå¥ÈÖ∑Â®±ÁßëÊäÄÊúâÈôêÂÖ¨Âè∏']";"[]";"False";"{'windows': True, 'mac': False, 'linux': False}"
"2849230";"Mask Around";"";"None";"['Rouli']";"[]";"False";"{'windows': True, 'mac': False, 'linux': False}"
"2849290";"Jeweler Simulator";"";"None";"['Playactive Games']";"[]";"False";"{'windows': True, 'mac': False, 'linux': False}"
"2849370";"Drench";"";"None";"['Sayincraft Studios']";"[]";"False";"{'windows': True, 'mac': False, 'linux': False}"
"2849380";"Succubus Dungeon";"";"None";"['Braincoders']";"[]";"False";"{'windows': True, 'mac': False, 'linux': False}"
"2849460";"Swarmsign Playtest";"";"None";"[]";"[]";"False";"{'windows': True, 'mac': False, 'linux': False}"
"2849470";"BDSM Sex - Episode 2";"3,49‚Ç¨";"None";"['EroticGamesClub']";"[]";"False";"{'windows': True, 'mac': True, 'linux': True}"
"2849490";"Outward 2";"";"None";"['Nine Dots Studio']";"[]";"False";"{'windows': True, 'mac': False, 'linux': False}"
"2849500";"Lost in Prayer";"";"None";"['Nine Dots Studio']";"[]";"False";"{'windows': True, 'mac': False, 'linux': False}"
"2849530";"A Maze-ing Runner";"";"None";"['Danahi', 'Szuryon']";"[]";"False";"{'windows': True, 'mac': False, 'linux': False}"
"2849570";"Cool Cucumber Cricket Playtest";"";"None";"[]";"[]";"False";"{'windows': True, 'mac': False, 'linux': False}"
"2849600";"CubeGod";"";"None";"['Toller Games']";"[]";"False";"{'windows': True, 'mac': False, 'linux': False}"
"2849650";"Sealed Bite: Extended";"";"None";"['Ruben S. Luis']";"[]";"False";"{'windows': True, 'mac': True, 'linux': True}"
"2849690";"Springs of Ardor";"";"None";"['FullFrontalBeef']";"[]";"False";"{'windows': True, 'mac': False, 'linux': False}"
"2849700";"John's Hell";"1,50‚Ç¨";"None";"['Iwaan']";"[]";"False";"{'windows': True, 'mac': False, 'linux': False}"
"2848740";"OverRider";"";"None";"['Â§©ÂòªÂñµÂ∑•‰ΩúÂÆ§']";"[]";"False";"{'windows': True, 'mac': False, 'linux': False}"
"2848750";"Things Too Ugly";"";"None";"['Professor Space Games']";"[]";"False";"{'windows': True, 'mac': False, 'linux': False}"
"2848770";"Drova - Forsaken Kin Playtest";"";"None";"[]";"[]";"False";"{'windows': True, 'mac': False, 'linux': False}"
"2848810";"–ê–ª—å—Ç—É—à–∫–∞ —Å –ì–æ—Å—É—Å–ª—É–≥";"";"None";"['Gamedev Forge studio']";"[]";"False";"{'windows': True, 'mac': False, 'linux': False}"
"2848850";"Unlock";"0,99‚Ç¨";"None";"['ShiroNoPanda']";"[]";"False";"{'windows': True, 'mac': False, 'linux': False}"
"2848900";"RPG non RPG: Valhalla";"";"None";"['SHARQ IT LAB']";"[]";"False";"{'windows': True, 'mac': False, 'linux': False}"
"2848910";"Reggie, His Cousin, Two Scientists and Most Likely the End of the World";"";"None";"['degoma']";"[]";"False";"{'windows': True, 'mac': True, 'linux': True}"
"2848950";"Amelie And The Lost Spirit";"1,99‚Ç¨";"None";"['Geniteam Solutions']";"[]";"False";"{'windows': True, 'mac': False, 'linux': False}"
"2849070";"Soul of Ankiril";"";"None";"['Tamb√π']";"[]";"False";"{'windows': True, 'mac': False, 'linux': False}"
"2849190";"I Want To Be Happy";"";"None";"['Wow Cool Games']";"[]";"False";"{'windows': True, 'mac': False, 'linux': False}"
"2848230";"Two Sides";"";"None";"['LogLog Games']";"[]";"False";"{'windows': True, 'mac': False, 'linux': False}"
"2848260";"The Big Below";"5,89‚Ç¨";"None";"['Steve Aucott']";"[]";"False";"{'windows': True, 'mac': False, 'linux': False}"
"2848300";"Go Rollo Go";"";"None";"['Corellabyte']";"[]";"False";"{'windows': True, 'mac': False, 'linux': False}"
"2848310";"Hmph! Hmph! Yowai";"";"None";"['Rexz Kev']";"[]";"False";"{'windows': True, 'mac': False, 'linux': False}"
"2848360";"Cavern Adventurers";"";"None";"['Kairosoft Co.,Ltd']";"[]";"False";"{'windows': True, 'mac': False, 'linux': False}"
"2848430";"Secret Odyssey: Orb of Eternity";"4,99‚Ç¨";"None";"['Next Square Studio']";"[]";"False";"{'windows': True, 'mac': True, 'linux': False}"
"2848450";"„Åä„Å†„Å∏„Çì";"9,75‚Ç¨";"None";"['sadala']";"[]";"False";"{'windows': True, 'mac': False, 'linux': False}"
"2848460";"Mesh Replica";"";"None";"['nexyvoid']";"[]";"False";"{'windows': True, 'mac': False, 'linux': False}"
"2848470";"Rosetta";"";"None";"['Odd Games']";"[]";"False";"{'windows': True, 'mac': False, 'linux': False}"
"2848500";"Dream Escape";"28,99‚Ç¨";"None";"['np_conpany']";"[]";"False";"{'windows': True, 'mac': False, 'linux': False}"
"2848510";"RELO";"";"None";"['RTGR Games']";"[]";"False";"{'windows': True, 'mac': True, 'linux': True}"
"2848550";"Fall Of The MS Estonia";"";"None";"['Interactive Gaming Studios']";"[]";"False";"{'windows': True, 'mac': False, 'linux': False}"
"2848570";"Paranormal Flipper";"";"None";"['CrossBone']";"[]";"False";"{'windows': True, 'mac': False, 'linux': False}"
"2848580";"Sunday Run";"";"None";"['One Trick Entertainment']";"[]";"False";"{'windows': True, 'mac': False, 'linux': False}"
"2848700";"Galactic dating: Harem in space station";"6,89‚Ç¨";"None";"['El Vagabundo']";"[]";"False";"{'windows': True, 'mac': False, 'linux': False}"
"2848710";"B1 Playtest";"";"None";"[]";"[]";"False";"{'windows': True, 'mac': False, 'linux': False}"
"2847800";"Sinner";"";"None";"['Pwnzer']";"[]";"False";"{'windows': True, 'mac': False, 'linux': False}"
"2847820";"Elderwood Online";"";"None";"['Ratatosk of Elderwood']";"[]";"False";"{'windows': True, 'mac': True, 'linux': False}"
"2847850";"Ultimate Monkey Race";"";"None";"['CashcowGames']";"[]";"False";"{'windows': True, 'mac': False, 'linux': False}"
"2847950";"Silvan Visitants Playtest";"";"None";"[]";"[]";"False";"{'windows': True, 'mac': False, 'linux': False}"
"2847970";"Nav";"";"None";"['Calabi Lab Games']";"[]";"False";"{'windows': True, 'mac': False, 'linux': False}"
"2847980";"Incremental Island";"";"None";"['Tylario', 'Ryan Hoover']";"[]";"False";"{'windows': True, 'mac': False, 'linux': False}"
"2848020";"Hand of Anima";"";"None";"['Hill Haven Studios']";"[]";"False";"{'windows': True, 'mac': False, 'linux': False}"
"2848050";"Don't Look at Him";"";"None";"['SOS Games']";"[]";"False";"{'windows': True, 'mac': False, 'linux': False}"
"2848070";"Abyssal Reflections";"2,54‚Ç¨";"None";"['Dominik Kopeck√Ω']";"[]";"False";"{'windows': True, 'mac': True, 'linux': False}"
"2848110";"Ascent: Rivals Playtest";"";"None";"[]";"[]";"False";"{'windows': True, 'mac': False, 'linux': False}"
"2848150";"Where The Crows Roam";"1,49‚Ç¨";"None";"['Elam Isaacs']";"[]";"False";"{'windows': True, 'mac': False, 'linux': False}"
"2848160";"Fire Path";"";"None";"['_if_N']";"[]";"False";"{'windows': True, 'mac': False, 'linux': False}"
"2848190";"Population Goals!";"";"None";"['Thirty55 Design']";"[]";"False";"{'windows': True, 'mac': False, 'linux': False}"
"2847270";"Â§ßÊ¢¶Ê±üÊπñ";"";"None";"['ÁñØÁãÇÂ∞èÂÖîÂ∑•‰ΩúÂÆ§']";"[]";"False";"{'windows': True, 'mac': False, 'linux': False}"
"2847280";"Strange Ocean";"";"None";"['Night Stroll Studio']";"[]";"False";"{'windows': True, 'mac': False, 'linux': False}"
"2847300";"Chelesste Playtest";"";"None";"[]";"[]";"False";"{'windows': True, 'mac': False, 'linux': False}"
"2847340";"Happy Monster";"";"None";"['ÊàêÈÉΩÈ°ΩÁå¥ÈÖ∑Â®±ÁßëÊäÄÊúâÈôêÂÖ¨Âè∏']";"[]";"False";"{'windows': True, 'mac': False, 'linux': False}"
"2847350";"Valince: Until Dawn";"";"None";"['Midnight Haven Studio']";"[]";"False";"{'windows': True, 'mac': False, 'linux': False}"
"2847380";"Fallacy Quiz";"";"None";"['Tim Krief']";"[]";"False";"{'windows': True, 'mac': True, 'linux': True}"
"2847420";"King Towers";"2,99‚Ç¨";"None";"['AgeOfGames']";"[]";"False";"{'windows': True, 'mac': False, 'linux': False}"
"2847430";"King Island";"2,99‚Ç¨";"None";"['AgeOfGames']";"[]";"False";"{'windows': True, 'mac': False, 'linux': False}"
"2847440";"Nooch Farm";"";"None";"['Manning Media']";"[]";"False";"{'windows': True, 'mac': False, 'linux': False}"
"2847510";"Synthetica: Cyber Club Manager";"";"None";"['Sargonius Games']";"[]";"False";"{'windows': True, 'mac': False, 'linux': False}"
"2847580";"Tokyo School Girl";"2,99‚Ç¨";"None";"['FrisbyStudio']";"[]";"False";"{'windows': True, 'mac': False, 'linux': False}"
"2847590";"Element Release: Water Territory  ÂÖÉÁ¥†ÈáäÊîæÔºöÊ∞¥‰πãÈ¢ÜÂüü";"";"None";"['ZHANGHANLUN']";"[]";"False";"{'windows': True, 'mac': False, 'linux': False}"
"2847600";"Flagdashers";"";"None";"['Robert Espina']";"[]";"False";"{'windows': True, 'mac': False, 'linux': False}"
"2847640";"A Living Room";"";"None";"['Valtteri Tavast']";"[]";"False";"{'windows': True, 'mac': False, 'linux': False}"
"2846740";"SEARCH ALL - DOGS";"1,99‚Ç¨";"None";"['Laush Dmitriy Sergeevich']";"[]";"False";"{'windows': True, 'mac': False, 'linux': False}"
"2846750";"VOIN Playtest";"";"None";"[]";"[]";"False";"{'windows': True, 'mac': False, 'linux': False}"
"2846790";"Trash Horror Collection 4";"2,99‚Ç¨";"None";"['616 GAMES']";"[]";"False";"{'windows': True, 'mac': False, 'linux': False}"
"2846800";"Becoming Captain - The cardgame RPG";"";"None";"['Le Havre Cr√©ation']";"[]";"False";"{'windows': True, 'mac': False, 'linux': False}"
"2846850";"Hexagon Ultra VR";"9,75‚Ç¨";"None";"['PixelBrain Studio']";"[]";"False";"{'windows': True, 'mac': False, 'linux': False}"
"2846970";"Guardi√£o Tup√£";"";"None";"['Beyond The Wall']";"[]";"False";"{'windows': True, 'mac': False, 'linux': False}"
"2846980";"yasai game";"3,19‚Ç¨";"None";"['Picopicowvo']";"[]";"False";"{'windows': True, 'mac': False, 'linux': False}"
"2846990";"Boo's Burgers";"";"None";"['Jeremy Fischer']";"[]";"False";"{'windows': True, 'mac': True, 'linux': False}"
"2847000";"Room -Random Dungeon-";"0,99‚Ç¨";"None";"['SawaiwaGame']";"[]";"False";"{'windows': True, 'mac': False, 'linux': False}"
"2847030";"BoxSim";"";"None";"['3:15 Software']";"[]";"False";"{'windows': True, 'mac': True, 'linux': False}"
"2847080";"Poly Kingdom: Siege Playtest";"";"None";"[]";"[]";"False";"{'windows': True, 'mac': False, 'linux': False}"
"2847110";"È©±ÁÖû";"";"None";"['MOTZIFY']";"[]";"False";"{'windows': True, 'mac': False, 'linux': False}"
"2847220";"Kowloon Story 2 | ‰πùÈæôËØ°ÂΩï2";"";"None";"['AURORA STUDIO']";"[]";"False";"{'windows': True, 'mac': False, 'linux': False}"
"2846220";"Together with Oneesan~Yuina's Sweet Encouragement~";"";"None";"['„Éú„Ç¶„Çµ„ÉêG']";"[]";"False";"{'windows': True, 'mac': False, 'linux': False}"
"2846260";"CloudStudy";"";"None";"['Prairie Game']";"[]";"False";"{'windows': True, 'mac': False, 'linux': False}"
"2846310";"The Lumenites Playtest";"";"None";"[]";"[]";"False";"{'windows': True, 'mac': False, 'linux': False}"
"2846320";"Earthling of Gaia";"7,79‚Ç¨";"None";"['imakumi-industries']";"[]";"False";"{'windows': True, 'mac': False, 'linux': False}"
"2846340";"Color Splash: Predators";"1,99‚Ç¨";"None";"['Quantum Quiver Games']";"[]";"False";"{'windows': True, 'mac': False, 'linux': False}"
"2846370";"Babsi Bullet";"";"None";"['Team Marty']";"[]";"False";"{'windows': True, 'mac': True, 'linux': False}"
"2846380";"ÂªªÊÆµ-KAIDANN-";"3,34‚Ç¨";"None";"['v oigen emiria games']";"[]";"False";"{'windows': True, 'mac': False, 'linux': False}"
"2840040";"Zombies vs You";"¬• 136.00";"None";"['Tunts Tuntz']";"[]";"False";"{'windows': True, 'mac': False, 'linux': False}"
"2840120";"Historical Invaders";"2,99‚Ç¨";"None";"['Jonatas Duarte']";"[]";"False";"{'windows': True, 'mac': False, 'linux': False}"
"2839180";"Contract & Control";"";"None";"['NecroCatic Games']";"[]";"False";"{'windows': True, 'mac': False, 'linux': False}"
"2839190";"Cubix";"2,99‚Ç¨";"None";"['SandD']";"[]";"False";"{'windows': True, 'mac': False, 'linux': False}"
"2839220";"4D-ND Modelling Explorer";"9,75‚Ç¨";"None";"['XAC MAN']";"[]";"False";"{'windows': True, 'mac': False, 'linux': False}"
"2839250";"The Chancellor's Plot";"";"None";"['NLabs']";"[]";"False";"{'windows': True, 'mac': False, 'linux': False}"
"2839310";"Evader";"0,99‚Ç¨";"None";"['Chaos Mysterious']";"[]";"False";"{'windows': True, 'mac': False, 'linux': False}"
"2839350";"Polygon In";"";"None";"['IRS']";"[]";"False";"{'windows': True, 'mac': False, 'linux': False}"
"2839430";"Room";"1,99‚Ç¨";"None";"['lamb of game']";"[]";"False";"{'windows': True, 'mac': False, 'linux': False}"
"2839460";"Eve of Destruction";"";"None";"['Lost Satellite Studio']";"[]";"False";"{'windows': True, 'mac': False, 'linux': False}"
"2839480";"The Idle";"7,39‚Ç¨";"None";"['iclick games']";"[]";"False";"{'windows': True, 'mac': False, 'linux': False}"
"2839500";"My Life As An Alchemist";"";"None";"['Delirium Tremens Games']";"[]";"False";"{'windows': True, 'mac': True, 'linux': True}"
"2839520";"Raver Simulator";"";"None";"['Zerone Studios']";"[]";"False";"{'windows': True, 'mac': False, 'linux': False}"
"2839550";"Everything: All in 1";"";"None";"['ismail √∂zel']";"[]";"False";"{'windows': True, 'mac': True, 'linux': True}"
"2839600";"Dungeon Full Dive: Player Edition";"";"None";"['TxK Gaming Studios']";"[]";"False";"{'windows': True, 'mac': False, 'linux': False}"
"2838800";"Crystal Chip Collector: Hidden Gem";"4,99‚Ç¨";"None";"['Nekomura G05']";"[]";"False";"{'windows': True, 'mac': False, 'linux': False}"
"2838810";"Hoverbear";"";"None";"['Chris', 'Joscha']";"[]";"False";"{'windows': True, 'mac': False, 'linux': False}"
"2838900";"Dark Passage";"";"None";"['mordsoft']";"[]";"False";"{'windows': True, 'mac': False, 'linux': False}"
"2838910";"Leap In The Right Direction";"4,99‚Ç¨";"None";"['Jped']";"[]";"False";"{'windows': True, 'mac': False, 'linux': False}"
"2838930";"PuzzMiX";"";"None";"['INTI CREATES CO., LTD.']";"[]";"False";"{'windows': True, 'mac': False, 'linux': False}"
"2838940";"Á•ûÈ≠îÂÜ≥‰πãÊ±üÊπñË°å";"";"None";"['Ê∞¥ÁãóÂ∑•‰ΩúÂÆ§']";"[]";"False";"{'windows': True, 'mac': True, 'linux': False}"
"2838960";"Soda scuffle";"4,99‚Ç¨";"None";"['lwz']";"[]";"False";"{'windows': True, 'mac': False, 'linux': False}"
"2838970";"È≠îÂ•≥Ê°£Ê°à MajyoArchive";"";"None";"['Èì∂Êúà057']";"[]";"False";"{'windows': True, 'mac': False, 'linux': False}"
"2839010";"Peaches and Dreams";"";"None";"['Mad Space Studios']";"[]";"False";"{'windows': True, 'mac': True, 'linux': False}"
"2839040";"1080p";"2,99‚Ç¨";"None";"['RollCreators']";"[]";"False";"{'windows': True, 'mac': True, 'linux': False}"
"2839050";"Real Life";"";"None";"['Gladiy Denis']";"[]";"False";"{'windows': True, 'mac': False, 'linux': False}"
"2839090";"Unlock the Three";"";"None";"['Abii Studio Ltd.']";"[]";"False";"{'windows': True, 'mac': False, 'linux': False}"
"2838200";"Why do I have so many younger sisters? !";"13,79‚Ç¨";"None";"['Â≠§Áã¨„Å™Áãº„Å®Áå´']";"[]";"False";"{'windows': True, 'mac': False, 'linux': False}"
"2838360";"SINce Memories: Off The Starry Sky";"";"None";"['MAGES. Inc.']";"[]";"False";"{'windows': True, 'mac': False, 'linux': False}"
"2838370";"Ë¥™ÂêÉÈæô";"0,49‚Ç¨";"None";"['YvelRevo']";"[]";"False";"{'windows': True, 'mac': False, 'linux': False}"
"2838410";"Mini Star Math";"";"None";"['MACKINN7']";"[]";"False";"{'windows': True, 'mac': False, 'linux': False}"
"2838420";"Venice Bridges";"4,99‚Ç¨";"None";"['na√Øve studios']";"[]";"False";"{'windows': True, 'mac': False, 'linux': False}"
"2838430";"Project Blind";"";"None";"['Dimitek']";"[]";"False";"{'windows': True, 'mac': True, 'linux': False}"
"2838450";"Anime Thighs";"1,99‚Ç¨";"None";"['bhungry']";"[]";"False";"{'windows': True, 'mac': False, 'linux': False}"
"2838460";"ReThink 3.5";"5,94‚Ç¨";"None";"['Yaeko']";"[]";"False";"{'windows': True, 'mac': False, 'linux': False}"
"2838470";"Eternal Puppet";"";"None";"['PanicForge Studios']";"[]";"False";"{'windows': True, 'mac': False, 'linux': False}"
"2838500";"SEARCH ALL - TOOLS";"0,55‚Ç¨";"None";"['Laush Dmitriy Sergeevich']";"[]";"False";"{'windows': True, 'mac': False, 'linux': False}"
"2838520";"Starfall Odyssey";"9,75‚Ç¨";"None";"['Max']";"[]";"False";"{'windows': True, 'mac': False, 'linux': False}"
"2838580";"Soccer Squad";"";"None";"['Amarcode Studios', 'Riccardo Di Nuzzo']";"[]";"False";"{'windows': True, 'mac': False, 'linux': False}"
"2838600";"Minimalist Farm Tycoon";"";"None";"['obece']";"[]";"False";"{'windows': True, 'mac': False, 'linux': False}"
"2838620";"Statecraft: Corrupted Democracy";"";"None";"['FreeZ Studio']";"[]";"False";"{'windows': True, 'mac': False, 'linux': False}"
"2837680";"Project V.O.X.";"";"None";"['SmokeyAjax']";"[]";"False";"{'windows': True, 'mac': False, 'linux': False}"
"2837710";"Tower Of Lies";"";"None";"['Gonnerme']";"[]";"False";"{'windows': True, 'mac': False, 'linux': False}"
"2837750";"Bee Welcome!";"";"None";"['Beardshaker Games']";"[]";"False";"{'windows': True, 'mac': False, 'linux': False}"
"2837760";"Terrorformer TD";"";"None";"['onewinter games']";"[]";"False";"{'windows': True, 'mac': True, 'linux': True}"
"2837810";"Palm Sex Night's";"3,99‚Ç¨";"None";"['Slippy Floor']";"[]";"False";"{'windows': True, 'mac': False, 'linux': False}"
"2837840";"Endless ocean";"0,99‚Ç¨";"None";"['wang huimin']";"[]";"False";"{'windows': True, 'mac': False, 'linux': False}"
"2837850";"greyish white";"0,99‚Ç¨";"None";"['wang huimin']";"[]";"False";"{'windows': True, 'mac': False, 'linux': False}"
"2837860";"red magic";"0,99‚Ç¨";"None";"['wang huimin']";"[]";"False";"{'windows': True, 'mac': False, 'linux': False}"
"2837880";"Spellarium 5";"6,82‚Ç¨";"None";"['LGT SIA']";"[]";"False";"{'windows': True, 'mac': False, 'linux': False}"
"2837920";"Anime Girls: Sun of a Beach";"4,99‚Ç¨";"None";"['Revolt Games']";"[]";"False";"{'windows': True, 'mac': False, 'linux': False}"
"2837960";"Cogs and Carnage";"";"None";"['Mark Kragerup', 'Jonas Oppliger']";"[]";"False";"{'windows': True, 'mac': False, 'linux': False}"
"2837980";"RetroFight";"";"None";"['Patate Douce Studio']";"[]";"False";"{'windows': True, 'mac': False, 'linux': False}"
"2838030";"Witherbloom";"";"None";"['Ever Curious Entertainment']";"[]";"False";"{'windows': True, 'mac': False, 'linux': False}"
"2838050";"Dreadwoods Gatekeeper: Prologue";"";"None";"['Raw Tale Games']";"[]";"False";"{'windows': True, 'mac': False, 'linux': False}"
"2838100";"Viking Frontiers: Prologue";"";"None";"['BLUM Entertainment']";"[]";"False";"{'windows': True, 'mac': False, 'linux': False}"
"2837140";"Goddess Detective 4";"1,99‚Ç¨";"None";"['7miao game']";"[]";"False";"{'windows': True, 'mac': False, 'linux': False}"
"2837210";"Word Laces";"";"None";"['Minimega']";"[]";"False";"{'windows': True, 'mac': False, 'linux': False}"
"2837240";"SP-LIGHT";"";"None";"['Wapachow']";"[]";"False";"{'windows': True, 'mac': False, 'linux': False}"
"2837280";"Counterpick Labs";"";"None";"['UrbanMotmot']";"[]";"False";"{'windows': True, 'mac': False, 'linux': False}"
"2837300";"WhichWayOut?";"0,59‚Ç¨";"None";"['StarSystemStudios']";"[]";"False";"{'windows': True, 'mac': False, 'linux': False}"
"2837310";"NO TOMORROW";"1,99‚Ç¨";"None";"['Abra']";"[]";"False";"{'windows': True, 'mac': False, 'linux': False}"
"2837340";"Milky Way TD SURVIVORS AUTOBATTLER RTS: Earth";"";"None";"['MyDreamForever', 'Tazdraperm']";"[]";"False";"{'windows': True, 'mac': False, 'linux': False}"
"2837370";"NeverGoingHome";"0,79‚Ç¨";"None";"['StarSystemStudios']";"[]";"False";"{'windows': True, 'mac': False, 'linux': False}"
"2837420";"The Lord of Time";"";"None";"['ITK']";"[]";"False";"{'windows': True, 'mac': False, 'linux': False}"
"2837460";"Crowborne";"0,49‚Ç¨";"None";"['StarSystemStudios']";"[]";"False";"{'windows': True, 'mac': False, 'linux': False}"
"2837470";"Asterball";"";"None";"['Projeld']";"[]";"False";"{'windows': True, 'mac': False, 'linux': False}"
"2837520";"Didi: The Final Chapter";"";"None";"['slice9games']";"[]";"False";"{'windows': True, 'mac': False, 'linux': False}"
"2837540";"Mad Valley";"";"None";"['Wolff Interactive']";"[]";"False";"{'windows': True, 'mac': False, 'linux': False}"
"2837570";"Dark Desire Mute 7";"4,99‚Ç¨";"None";"['CodeRenderX']";"[]";"False";"{'windows': True, 'mac': False, 'linux': True}"
"2837600";"The Alto Collection";"9,75‚Ç¨";"None";"['Land & Sea']";"[]";"False";"{'windows': True, 'mac': True, 'linux': False}"
"2836730";"True Story Time";"4,99‚Ç¨";"None";"['Are you fruits?']";"[]";"False";"{'windows': True, 'mac': False, 'linux': False}"
"2836740";"Olga - Episode 1";"";"None";"['Workbench Entertainment']";"[]";"False";"{'windows': True, 'mac': False, 'linux': False}"
"2836760";"Ê±üÊ¢¶ÊΩÆÈü≥ J.M.Rhythm";"";"None";"['J.M.ARCADY']";"[]";"False";"{'windows': True, 'mac': True, 'linux': False}"
"2836810";"Escape From Zombietown";"";"None";"['Richard R.']";"[]";"False";"{'windows': True, 'mac': False, 'linux': False}"
"2836820";"Baby Blues Nightmares - Toddler Horror Game";"";"None";"['Steelkrill Studio']";"[]";"False";"{'windows': True, 'mac': False, 'linux': False}"
"2836860";"The Horror at Highrook";"";"None";"['Nullpointer']";"[]";"False";"{'windows': True, 'mac': False, 'linux': False}"
"2836870";"Kasumi VS Mai";"2,99‚Ç¨";"None";"['DSA']";"[]";"False";"{'windows': True, 'mac': False, 'linux': False}"
"2836910";"SEARCH ALL - LOLLIPOPS";"0,55‚Ç¨";"None";"['Laush Dmitriy Sergeevich']";"[]";"False";"{'windows': True, 'mac': False, 'linux': False}"
"2836960";"Exit the museum";"3,99‚Ç¨";"None";"['SWG Connect']";"[]";"False";"{'windows': True, 'mac': False, 'linux': False}"
"2837050";"Outergleam";"";"None";"['Nevoski Studios']";"[]";"False";"{'windows': True, 'mac': False, 'linux': False}"
"2837080";"Brick Buster Blast";"0,55‚Ç¨";"None";"['Boogygames Studios']";"[]";"False";"{'windows': True, 'mac': False, 'linux': False}"
"2837110";"Acid Planet: Prologue";"";"None";"['Adam Travers']";"[]";"False";"{'windows': True, 'mac': False, 'linux': False}"
"2836180";"Nightgate";"";"None";"['Semidome Inc.']";"[]";"False";"{'windows': True, 'mac': True, 'linux': False}"
"2836200";"Revenge Request";"";"None";"['Michael Fischer']";"[]";"False";"{'windows': True, 'mac': False, 'linux': False}"
"2836240";"Entities Playtest";"";"None";"[]";"[]";"False";"{'windows': True, 'mac': False, 'linux': False}"
"2836250";"Soul Eater";"";"None";"['1704']";"[]";"False";"{'windows': True, 'mac': False, 'linux': False}"
"2836260";"REMINGTON, the A.I.";"2,99‚Ç¨";"None";"['CM Pictures']";"[]";"False";"{'windows': True, 'mac': False, 'linux': False}"
"2836270";"Heromantic";"";"None";"['Jane Koyama']";"[]";"False";"{'windows': True, 'mac': False, 'linux': False}"
"2836300";"Blender Start Here";"";"None";"['Dave Mills']";"[]";"False";"{'windows': True, 'mac': False, 'linux': False}"
"2836310";"Refrega";"7,79‚Ç¨";"None";"['Datyus Cassio']";"[]";"False";"{'windows': True, 'mac': False, 'linux': False}"
"2836330";"SPYWARE";"";"None";"['Scuffware']";"[]";"False";"{'windows': True, 'mac': False, 'linux': False}"
"2836340";"Breakthru";"";"None";"['Jan Buta']";"[]";"False";"{'windows': True, 'mac': False, 'linux': False}"
"2836470";"Dangerous World";"";"None";"['GildMoon']";"[]";"False";"{'windows': False, 'mac': True, 'linux': False}"
"2836500";"Mattami Restaurant & Cafe Tycoon";"";"None";"['Athomield Games']";"[]";"False";"{'windows': True, 'mac': False, 'linux': False}"
"2836510";"Warfare Ultimatum";"";"None";"['AIONWARE LTD', 'H. Senemar']";"[]";"False";"{'windows': True, 'mac': False, 'linux': False}"
"2836530";"Cymut X Mutrobo - The last Cymut";"";"None";"['Thiago Ces√°rio Machado']";"[]";"False";"{'windows': True, 'mac': False, 'linux': False}"
"2836580";"There's something wrong with...";"";"None";"['Gamenastica Studios']";"[]";"False";"{'windows': True, 'mac': False, 'linux': False}"
"2836630";"TRAUMA Pro Wrestling";"";"None";"['Nuskadamo']";"[]";"False";"{'windows': True, 'mac': False, 'linux': False}"
"2835650";"Randomice";"";"None";"['Videoludid']";"[]";"False";"{'windows': True, 'mac': False, 'linux': False}"
"2835700";"Guardian Goddess";"";"None";"['SHIONO']";"[]";"False";"{'windows': True, 'mac': False, 'linux': False}"
"2835750";"50 Floors: The Paranormal Investigators Prologue";"";"None";"['Arsonist Studio']";"[]";"False";"{'windows': True, 'mac': False, 'linux': False}"
"2835760";"Thus Spoke the Donke";"";"None";"['Wise Monke Entertainment Studio']";"[]";"False";"{'windows': True, 'mac': True, 'linux': False}"
"2835890";"SHIMAPANZER STRIKE!";"";"None";"['Falldog']";"[]";"False";"{'windows': True, 'mac': False, 'linux': False}"
"2835910";"Coin Jar";"";"None";"['Justin Allen']";"[]";"False";"{'windows': True, 'mac': True, 'linux': False}"
"2835920";"ATOMIC BOT: SURVIVOR OF PLANETS";"";"None";"['CUBE STUDIO']";"[]";"False";"{'windows': True, 'mac': False, 'linux': False}"
"2835950";"Multi Game Party";"";"None";"['Le Kaki Rouge']";"[]";"False";"{'windows': True, 'mac': False, 'linux': False}"
"2835960";"BattleClaws";"";"None";"['DameGev', 'EveryPlanet', 'Gronkiee', 'endoran']";"[]";"False";"{'windows': True, 'mac': False, 'linux': False}"
"2835970";"Space Query";"1,99‚Ç¨";"None";"['Space Query team']";"[]";"False";"{'windows': True, 'mac': False, 'linux': False}"
"2836040";"Slayer Knight";"";"None";"['Andrew A Powell']";"[]";"False";"{'windows': True, 'mac': True, 'linux': True}"
"2836070";"Heroes For Hire";"";"None";"['Untouch']";"[]";"False";"{'windows': True, 'mac': False, 'linux': False}"
"2836080";"TreamLand";"";"None";"['TreamGames']";"[]";"False";"{'windows': True, 'mac': False, 'linux': False}"
"2835210";"Fight'N'Jokes: Storylines";"";"None";"['Lighstromo Studios', 'Mental Drink']";"[]";"False";"{'windows': True, 'mac': False, 'linux': False}"
"2835250";"UFO BLAST";"";"None";"['OMER KILINCLI']";"[]";"False";"{'windows': True, 'mac': False, 'linux': False}"
"2835350";"No Gasoline";"";"None";"['Mount Retro']";"[]";"False";"{'windows': True, 'mac': False, 'linux': False}"
"2835370";"Memories of Misery";"";"None";"['Staircase Studio']";"[]";"False";"{'windows': True, 'mac': False, 'linux': False}"
"2835380";"Nomadica";"";"None";"['Eduardas Lukosiunas']";"[]";"False";"{'windows': True, 'mac': False, 'linux': False}"
"2835390";"Deep Space Drillers";"";"None";"['Antti Miettinen']";"[]";"False";"{'windows': True, 'mac': False, 'linux': False}"
"2835410";"Pipe Escape";"";"None";"['Illegal Crayon Games']";"[]";"False";"{'windows': True, 'mac': False, 'linux': False}"
"2835430";"Fear Odyssey";"";"None";"['Natan Mafra Torres']";"[]";"False";"{'windows': True, 'mac': False, 'linux': False}"
"2835460";"Treasure Hunters";"";"None";"['Biax']";"[]";"False";"{'windows': True, 'mac': False, 'linux': False}"
"2835490";"ÊÄ™Áï∞„Ç∏„É£„ÉÉ„Ç∏„Éª„É©„Éì„É™„É≥„Çπ";"";"None";"['„É™„Ç≥„Å∫„ÉûGAME', '„É™„Ç≥„Å∫„ÉûGAME']";"[]";"False";"{'windows': True, 'mac': False, 'linux': False}"
"2835500";"Grog 'n Glory";"";"None";"['Gaming Bug']";"[]";"False";"{'windows': True, 'mac': False, 'linux': False}"
"2835540";"Kawaii Puzzle: Girl Adventure üå∏üíñ";"1,99‚Ç¨";"None";"['Dreamers Workshop']";"[]";"False";"{'windows': True, 'mac': False, 'linux': False}"
"2835580";"Weapon Mix";"";"None";"['Franz Baumann']";"[]";"False";"{'windows': True, 'mac': False, 'linux': False}"
"2835610";"Yumpgril";"4,99‚Ç¨";"None";"['Shwiftmade']";"[]";"False";"{'windows': True, 'mac': False, 'linux': False}"
"2835620";"Ainsley";"";"None";"['Lynch Makes Games']";"[]";"False";"{'windows': True, 'mac': False, 'linux': False}"
"2834670";"Dead Fibers";"";"None";"['UAVision']";"[]";"False";"{'windows': True, 'mac': False, 'linux': False}"
"2834680";"Super Marlin Bros";"";"None";"['Nathidev']";"[]";"False";"{'windows': True, 'mac': False, 'linux': False}"
"2834690";"2048 - Dungeons";"";"None";"['Retroverse Studio']";"[]";"False";"{'windows': True, 'mac': False, 'linux': False}"
"2834780";"101 Cats Hidden in Dubai";"0,99‚Ç¨";"None";"['NaipSoft']";"[]";"False";"{'windows': True, 'mac': False, 'linux': False}"
"2834830";"Stig";"";"None";"['Miriam & Lage']";"[]";"False";"{'windows': True, 'mac': False, 'linux': False}"
"2834880";"DudeGo";"1,99‚Ç¨";"None";"['FussyCraft']";"[]";"False";"{'windows': True, 'mac': False, 'linux': False}"
"2834890";"Christmas Stories: The Legend of Toymakers Collector's Edition";"13,79‚Ç¨";"None";"['Elephant Games']";"[]";"False";"{'windows': True, 'mac': True, 'linux': False}"
"2834930";"Ravva and the Netherworld Train";"";"None";"['Galope Studios']";"[]";"False";"{'windows': True, 'mac': False, 'linux': False}"
