"appid";"name";"price";"release";"devs";"notWorkingButShouldBePublishers";"IsMultiplayer";"platforms"
"2849740";"Day Of The Tank";"";"2024";"['Big Turtle']";"[]";"False";"{'windows': True, 'mac': True, 'linux': True}"
"2849750";"KILLDOZER SIMULATOR";"";"2024";"['wildgoose']";"[]";"False";"{'windows': True, 'mac': False, 'linux': True}"
"2849760";"Onychomp : Lush journey";"";"1-11-2024";"['Howl Studio']";"[]";"False";"{'windows': True, 'mac': False, 'linux': False}"
"2849870";"Snip It!";"";"22-03-2024";"['ryshaw']";"[]";"False";"{'windows': True, 'mac': False, 'linux': False}"
"2849910";"Blood Crossroad";"";"None";"['TerrorForgeStudios', 'Serafini Productions']";"[]";"False";"{'windows': True, 'mac': False, 'linux': False}"
"2849930";"Shanghai Gold";"";"soon";"['Tempest Software']";"[]";"False";"{'windows': True, 'mac': False, 'linux': False}"
"2849950";"The Next Kingpin";"";"soon";"['Madd Gaming']";"[]";"False";"{'windows': True, 'mac': False, 'linux': False}"
"2850040";"Kejora Playtest";"";"24-02-2024";"[]";"[]";"False";"{'windows': True, 'mac': False, 'linux': False}"
"2850100";"Dungeon Exiles";"";"2024";"['Gronkins']";"[]";"False";"{'windows': True, 'mac': False, 'linux': False}"
"2850110";"The Dream Within";"";"None";"['Roaming of Little Hammer']";"[]";"False";"{'windows': True, 'mac': False, 'linux': False}"
"2850120";"Planetstar Warrior";"1,99‚Ç¨";"20-03-2024";"['Todd Frantz']";"[]";"False";"{'windows': True, 'mac': False, 'linux': False}"
"2850200";"Silicon Wasteland";"";"2024";"['vidboy']";"[]";"False";"{'windows': True, 'mac': False, 'linux': False}"
"2850220";"The Girl's Moving Castle";"";"soon";"['ÊàêÈÉΩÈ°ΩÁå¥ÈÖ∑Â®±ÁßëÊäÄÊúâÈôêÂÖ¨Âè∏']";"[]";"False";"{'windows': True, 'mac': False, 'linux': False}"
"2849230";"Mask Around";"";"2024";"['Rouli']";"[]";"False";"{'windows': True, 'mac': False, 'linux': False}"
"2849290";"Jeweler Simulator";"";"2024";"['Playactive Games']";"[]";"False";"{'windows': True, 'mac': False, 'linux': False}"
"2849370";"Drench";"";"2025";"['Sayincraft Studios']";"[]";"False";"{'windows': True, 'mac': False, 'linux': False}"
"2849380";"Succubus Dungeon";"";"2024";"['Braincoders']";"[]";"False";"{'windows': True, 'mac': False, 'linux': False}"
"2849460";"Swarmsign Playtest";"";"4-03-2024";"[]";"[]";"False";"{'windows': True, 'mac': False, 'linux': False}"
"2849470";"BDSM Sex - Episode 2";"3,49‚Ç¨";"23-02-2024";"['EroticGamesClub']";"[]";"False";"{'windows': True, 'mac': True, 'linux': True}"
"2849490";"Outward 2";"";"None";"['Nine Dots Studio']";"[]";"False";"{'windows': True, 'mac': False, 'linux': False}"
"2849500";"Lost in Prayer";"";"None";"['Nine Dots Studio']";"[]";"False";"{'windows': True, 'mac': False, 'linux': False}"
"2849530";"A Maze-ing Runner";"";"None";"['Danahi', 'Szuryon']";"[]";"False";"{'windows': True, 'mac': False, 'linux': False}"
"2849570";"Cool Cucumber Cricket Playtest";"";"27-02-2024";"[]";"[]";"False";"{'windows': True, 'mac': False, 'linux': False}"
"2849600";"CubeGod";"";"None";"['Toller Games']";"[]";"False";"{'windows': True, 'mac': False, 'linux': False}"
"2849650";"Sealed Bite: Extended";"";"2024";"['Ruben S. Luis']";"[]";"False";"{'windows': True, 'mac': True, 'linux': True}"
"2849690";"Springs of Ardor";"";"7-05-2024";"['FullFrontalBeef']";"[]";"False";"{'windows': True, 'mac': False, 'linux': False}"
"2849700";"John's Hell";"1,50‚Ç¨";"20-03-2024";"['Iwaan']";"[]";"False";"{'windows': True, 'mac': False, 'linux': False}"
"2848740";"OverRider";"";"soon";"['Â§©ÂòªÂñµÂ∑•‰ΩúÂÆ§']";"[]";"False";"{'windows': True, 'mac': False, 'linux': False}"
"2848750";"Things Too Ugly";"";"2024";"['Professor Space Games']";"[]";"False";"{'windows': True, 'mac': False, 'linux': False}"
"2848770";"Drova - Forsaken Kin Playtest";"";"7-03-2024";"[]";"[]";"False";"{'windows': True, 'mac': False, 'linux': False}"
"2848810";"–ê–ª—å—Ç—É—à–∫–∞ —Å –ì–æ—Å—É—Å–ª—É–≥";"";"soon";"['Gamedev Forge studio']";"[]";"False";"{'windows': True, 'mac': False, 'linux': False}"
"2848850";"Unlock";"0,99‚Ç¨";"18-03-2024";"['ShiroNoPanda']";"[]";"False";"{'windows': True, 'mac': False, 'linux': False}"
"2848900";"RPG non RPG: Valhalla";"";"soon";"['SHARQ IT LAB']";"[]";"False";"{'windows': True, 'mac': False, 'linux': False}"
"2848910";"Reggie, His Cousin, Two Scientists and Most Likely the End of the World";"";"2025";"['degoma']";"[]";"False";"{'windows': True, 'mac': True, 'linux': True}"
"2848950";"Amelie And The Lost Spirit";"1,99‚Ç¨";"8-04-2024";"['Geniteam Solutions']";"[]";"False";"{'windows': True, 'mac': False, 'linux': False}"
"2849070";"Soul of Ankiril";"";"soon";"['Tamb√π']";"[]";"False";"{'windows': True, 'mac': False, 'linux': False}"
"2849190";"I Want To Be Happy";"";"2024";"['Wow Cool Games']";"[]";"False";"{'windows': True, 'mac': False, 'linux': False}"
"2848230";"Two Sides";"";"2024";"['LogLog Games']";"[]";"False";"{'windows': True, 'mac': False, 'linux': False}"
"2848260";"The Big Below";"5,89‚Ç¨";"6-03-2024";"['Steve Aucott']";"[]";"False";"{'windows': True, 'mac': False, 'linux': False}"
"2848300";"Go Rollo Go";"";"None";"['Corellabyte']";"[]";"False";"{'windows': True, 'mac': False, 'linux': False}"
"2848310";"Hmph! Hmph! Yowai";"";"2024";"['Rexz Kev']";"[]";"False";"{'windows': True, 'mac': False, 'linux': False}"
"2848360";"Cavern Adventurers";"";"soon";"['Kairosoft Co.,Ltd']";"[]";"False";"{'windows': True, 'mac': False, 'linux': False}"
"2848430";"Secret Odyssey: Orb of Eternity";"4,99‚Ç¨";"14-03-2024";"['Next Square Studio']";"[]";"False";"{'windows': True, 'mac': True, 'linux': False}"
"2848450";"„Åä„Å†„Å∏„Çì";"9,75‚Ç¨";"31-03-2024";"['sadala']";"[]";"False";"{'windows': True, 'mac': False, 'linux': False}"
"2848470";"Rosetta";"";"None";"['Odd Games']";"[]";"False";"{'windows': True, 'mac': False, 'linux': False}"
"2848500";"Dream Escape";"28,99‚Ç¨";"14-03-2024";"['np_conpany']";"[]";"False";"{'windows': True, 'mac': False, 'linux': False}"
"2848510";"RELO";"";"2024";"['RTGR Games']";"[]";"False";"{'windows': True, 'mac': True, 'linux': True}"
"2848550";"Fall Of The MS Estonia";"";"None";"['Interactive Gaming Studios']";"[]";"False";"{'windows': True, 'mac': False, 'linux': False}"
"2848570";"Paranormal Flipper";"";"soon";"['CrossBone']";"[]";"False";"{'windows': True, 'mac': False, 'linux': False}"
"2848580";"Sunday Run";"";"soon";"['One Trick Entertainment']";"[]";"False";"{'windows': True, 'mac': False, 'linux': False}"
"2848700";"Galactic dating: Harem in space station";"6,89‚Ç¨";"25-03-2024";"['El Vagabundo']";"[]";"False";"{'windows': True, 'mac': False, 'linux': False}"
"2848710";"B1 Playtest";"";"28-02-2024";"[]";"[]";"False";"{'windows': True, 'mac': False, 'linux': False}"
"2847800";"Sinner";"";"soon";"['Pwnzer']";"[]";"False";"{'windows': True, 'mac': False, 'linux': False}"
"2847820";"Elderwood Online";"";"2024";"['Ratatosk of Elderwood']";"[]";"False";"{'windows': True, 'mac': True, 'linux': False}"
"2847850";"Ultimate Monkey Race";"";"2024";"['CashcowGames']";"[]";"False";"{'windows': True, 'mac': False, 'linux': False}"
"2847950";"Silvan Visitants Playtest";"";"21-02-2024";"[]";"[]";"False";"{'windows': True, 'mac': False, 'linux': False}"
"2847980";"Incremental Island";"";"2024";"['Tylario', 'Ryan Hoover']";"[]";"False";"{'windows': True, 'mac': False, 'linux': False}"
"2848020";"Hand of Anima";"";"2024";"['Hill Haven Studios']";"[]";"False";"{'windows': True, 'mac': False, 'linux': False}"
"2848050";"Don't Look at Him";"";"soon";"['SOS Games']";"[]";"False";"{'windows': True, 'mac': False, 'linux': False}"
"2848070";"Abyssal Reflections";"2,54‚Ç¨";"8-03-2024";"['Dominik Kopeck√Ω']";"[]";"False";"{'windows': True, 'mac': True, 'linux': False}"
"2848110";"Ascent: Rivals Playtest";"";"28-02-2024";"[]";"[]";"False";"{'windows': True, 'mac': False, 'linux': False}"
"2848150";"Where The Crows Roam";"1,49‚Ç¨";"6-03-2024";"['Elam Isaacs']";"[]";"False";"{'windows': True, 'mac': False, 'linux': False}"
"2848160";"Fire Path";"";"6-06-2024";"['_if_N']";"[]";"False";"{'windows': True, 'mac': False, 'linux': False}"
"2848190";"Population Goals!";"";"soon";"['Thirty55 Design']";"[]";"False";"{'windows': True, 'mac': False, 'linux': False}"
"2847270";"Â§ßÊ¢¶Ê±üÊπñ";"";"2024";"['ÁñØÁãÇÂ∞èÂÖîÂ∑•‰ΩúÂÆ§']";"[]";"False";"{'windows': True, 'mac': False, 'linux': False}"
"2847280";"Strange Ocean";"";"2024";"['Night Stroll Studio']";"[]";"False";"{'windows': True, 'mac': False, 'linux': False}"
"2847300";"Chelesste Playtest";"";"27-02-2024";"[]";"[]";"False";"{'windows': True, 'mac': False, 'linux': False}"
"2847340";"Happy Monster";"";"soon";"['ÊàêÈÉΩÈ°ΩÁå¥ÈÖ∑Â®±ÁßëÊäÄÊúâÈôêÂÖ¨Âè∏']";"[]";"False";"{'windows': True, 'mac': False, 'linux': False}"
"2847350";"Valince: Until Dawn";"";"soon";"['Midnight Haven Studio']";"[]";"False";"{'windows': True, 'mac': False, 'linux': False}"
"2847380";"Fallacy Quiz";"";"soon";"['Tim Krief']";"[]";"False";"{'windows': True, 'mac': True, 'linux': True}"
"2847420";"King Towers";"2,99‚Ç¨";"28-03-2024";"['AgeOfGames']";"[]";"False";"{'windows': True, 'mac': False, 'linux': False}"
"2847430";"King Island";"2,99‚Ç¨";"28-03-2024";"['AgeOfGames']";"[]";"False";"{'windows': True, 'mac': False, 'linux': False}"
"2847440";"Nooch Farm";"";"soon";"['Manning Media']";"[]";"False";"{'windows': True, 'mac': False, 'linux': False}"
"2847510";"Synthetica: Cyber Club Manager";"";"2024";"['Sargonius Games']";"[]";"False";"{'windows': True, 'mac': False, 'linux': False}"
"2847580";"Tokyo School Girl";"2,99‚Ç¨";"14-03-2024";"['FrisbyStudio']";"[]";"False";"{'windows': True, 'mac': False, 'linux': False}"
"2847590";"Element Release: Water Territory  ÂÖÉÁ¥†ÈáäÊîæÔºöÊ∞¥‰πãÈ¢ÜÂüü";"";"soon";"['ZHANGHANLUN']";"[]";"False";"{'windows': True, 'mac': False, 'linux': False}"
"2847600";"Flagdashers";"";"2024";"['Robert Espina']";"[]";"False";"{'windows': True, 'mac': False, 'linux': False}"
"2847640";"A Living Room";"";"soon";"['Valtteri Tavast']";"[]";"False";"{'windows': True, 'mac': False, 'linux': False}"
"2846740";"SEARCH ALL - DOGS";"1,99‚Ç¨";"5-03-2024";"['Laush Dmitriy Sergeevich']";"[]";"False";"{'windows': True, 'mac': False, 'linux': False}"
"2846750";"VOIN Playtest";"";"3-03-2024";"[]";"[]";"False";"{'windows': True, 'mac': False, 'linux': False}"
"2846790";"Trash Horror Collection 4";"2,99‚Ç¨";"10-03-2024";"['616 GAMES']";"[]";"False";"{'windows': True, 'mac': False, 'linux': False}"
"2846800";"Becoming Captain - The cardgame RPG";"";"None";"['Le Havre Cr√©ation']";"[]";"False";"{'windows': True, 'mac': False, 'linux': False}"
"2846850";"Hexagon Ultra VR";"9,75‚Ç¨";"25-03-2024";"['PixelBrain Studio']";"[]";"False";"{'windows': True, 'mac': False, 'linux': False}"
"2846970";"Guardi√£o Tup√£";"";"soon";"['Beyond The Wall']";"[]";"False";"{'windows': True, 'mac': False, 'linux': False}"
"2846980";"yasai game";"3,19‚Ç¨";"3-04-2024";"['Picopicowvo']";"[]";"False";"{'windows': True, 'mac': False, 'linux': False}"
"2846990";"Boo's Burgers";"";"2024";"['Jeremy Fischer']";"[]";"False";"{'windows': True, 'mac': True, 'linux': False}"
"2847000";"Room -Random Dungeon-";"0,99‚Ç¨";"21-03-2024";"['SawaiwaGame']";"[]";"False";"{'windows': True, 'mac': False, 'linux': False}"
"2847030";"BoxSim";"";"2024";"['3:15 Software']";"[]";"False";"{'windows': True, 'mac': True, 'linux': False}"
"2847080";"Poly Kingdom: Siege Playtest";"";"23-02-2024";"[]";"[]";"False";"{'windows': True, 'mac': False, 'linux': False}"
"2847110";"È©±ÁÖû";"";"soon";"['MOTZIFY']";"[]";"False";"{'windows': True, 'mac': False, 'linux': False}"
"2847220";"Kowloon Story 2 | ‰πùÈæôËØ°ÂΩï2";"";"soon";"['AURORA STUDIO']";"[]";"False";"{'windows': True, 'mac': False, 'linux': False}"
"2846220";"Together with Oneesan~Yuina's Sweet Encouragement~";"";"2024";"['„Éú„Ç¶„Çµ„ÉêG']";"[]";"False";"{'windows': True, 'mac': False, 'linux': False}"
"2846260";"CloudStudy";"";"5-07-2024";"['Prairie Game']";"[]";"False";"{'windows': True, 'mac': False, 'linux': False}"
"2846310";"The Lumenites Playtest";"";"20-02-2024";"[]";"[]";"False";"{'windows': True, 'mac': False, 'linux': False}"
"2846320";"Earthling of Gaia";"7,79‚Ç¨";"22-03-2024";"['imakumi-industries']";"[]";"False";"{'windows': True, 'mac': False, 'linux': False}"
"2846340";"Color Splash: Predators";"1,99‚Ç¨";"5-03-2024";"['Quantum Quiver Games']";"[]";"False";"{'windows': True, 'mac': False, 'linux': False}"
"2846370";"Babsi Bullet";"";"None";"['Team Marty']";"[]";"False";"{'windows': True, 'mac': True, 'linux': False}"
"2846380";"ÂªªÊÆµ-KAIDANN-";"3,34‚Ç¨";"27-03-2024";"['v oigen emiria games']";"[]";"False";"{'windows': True, 'mac': False, 'linux': False}"
"2846390";"Glitch Gears";"";"None";"['Vinicius Nakamura']";"[]";"False";"{'windows': True, 'mac': True, 'linux': True}"
"2846400";"Nightlife: Vista";"";"2024";"['ByteBant']";"[]";"False";"{'windows': True, 'mac': False, 'linux': True}"
"2835890";"SHIMAPANZER STRIKE!";"";"None";"['Falldog']";"[]";"False";"{'windows': True, 'mac': False, 'linux': False}"
"2835910";"Coin Jar";"";"soon";"['Justin Allen']";"[]";"False";"{'windows': True, 'mac': True, 'linux': False}"
"2835920";"ATOMIC BOT: SURVIVOR OF PLANETS";"";"2024";"['CUBE STUDIO']";"[]";"False";"{'windows': True, 'mac': False, 'linux': False}"
"2835950";"Multi Game Party";"";"2024";"['Le Kaki Rouge']";"[]";"False";"{'windows': True, 'mac': False, 'linux': False}"
"2835960";"BattleClaws";"";"soon";"['DameGev', 'EveryPlanet', 'Gronkiee', 'endoran']";"[]";"False";"{'windows': True, 'mac': False, 'linux': False}"
"2835970";"Space Query";"1,99‚Ç¨";"3-03-2024";"['Space Query team']";"[]";"False";"{'windows': True, 'mac': False, 'linux': False}"
"2836040";"Slayer Knight";"";"None";"['Andrew A Powell']";"[]";"False";"{'windows': True, 'mac': True, 'linux': True}"
"2836070";"Heroes For Hire";"";"None";"['Untouch']";"[]";"False";"{'windows': True, 'mac': False, 'linux': False}"
"2836080";"TreamLand";"";"soon";"['TreamGames']";"[]";"False";"{'windows': True, 'mac': False, 'linux': False}"
"2835210";"Fight'N'Jokes: Storylines";"";"soon";"['Lighstromo Studios', 'Mental Drink']";"[]";"False";"{'windows': True, 'mac': False, 'linux': False}"
"2835250";"UFO BLAST";"";"soon";"['OMER KILINCLI']";"[]";"False";"{'windows': True, 'mac': False, 'linux': False}"
"2835350";"No Gasoline";"";"2024";"['Mount Retro']";"[]";"False";"{'windows': True, 'mac': False, 'linux': False}"
"2835370";"Memories of Misery";"";"soon";"['Staircase Studio']";"[]";"False";"{'windows': True, 'mac': False, 'linux': False}"
"2835380";"Nomadica";"";"None";"['Eduardas Lukosiunas']";"[]";"False";"{'windows': True, 'mac': False, 'linux': False}"
"2835390";"Deep Space Drillers";"";"soon";"['Antti Miettinen']";"[]";"False";"{'windows': True, 'mac': False, 'linux': False}"
"2835410";"Pipe Escape";"";"6-03-2024";"['Illegal Crayon Games']";"[]";"False";"{'windows': True, 'mac': False, 'linux': False}"
"2835430";"Fear Odyssey";"";"soon";"['Natan Mafra Torres']";"[]";"False";"{'windows': True, 'mac': False, 'linux': False}"
"2835460";"Treasure Hunters";"";"None";"['Biax']";"[]";"False";"{'windows': True, 'mac': False, 'linux': False}"
"2835490";"ÊÄ™Áï∞„Ç∏„É£„ÉÉ„Ç∏„Éª„É©„Éì„É™„É≥„Çπ";"";"6-03-2024";"['„É™„Ç≥„Å∫„ÉûGAME', '„É™„Ç≥„Å∫„ÉûGAME']";"[]";"False";"{'windows': True, 'mac': False, 'linux': False}"
"2835500";"Grog 'n Glory";"";"None";"['Gaming Bug']";"[]";"False";"{'windows': True, 'mac': False, 'linux': False}"
"2835540";"Kawaii Puzzle: Girl Adventure üå∏üíñ";"1,99‚Ç¨";"22-03-2024";"['Dreamers Workshop']";"[]";"False";"{'windows': True, 'mac': False, 'linux': False}"
"2835580";"Weapon Mix";"";"soon";"['Franz Baumann']";"[]";"False";"{'windows': True, 'mac': False, 'linux': False}"
"2835610";"Yumpgril";"4,99‚Ç¨";"11-03-2024";"['Shwiftmade']";"[]";"False";"{'windows': True, 'mac': False, 'linux': False}"
"2835620";"Ainsley";"";"soon";"['Lynch Makes Games']";"[]";"False";"{'windows': True, 'mac': False, 'linux': False}"
"2834670";"Dead Fibers";"";"None";"['UAVision']";"[]";"False";"{'windows': True, 'mac': False, 'linux': False}"
"2834680";"Super Marlin Bros";"";"soon";"['Nathidev']";"[]";"False";"{'windows': True, 'mac': False, 'linux': False}"
"2834690";"2048 - Dungeons";"";"soon";"['Retroverse Studio']";"[]";"False";"{'windows': True, 'mac': False, 'linux': False}"
"2834780";"101 Cats Hidden in Dubai";"0,99‚Ç¨";"26-02-2024";"['NaipSoft']";"[]";"False";"{'windows': True, 'mac': False, 'linux': False}"
"2834830";"Stig";"";"None";"['Miriam & Lage']";"[]";"False";"{'windows': True, 'mac': False, 'linux': False}"
"2834880";"DudeGo";"1,99‚Ç¨";"28-02-2024";"['FussyCraft']";"[]";"False";"{'windows': True, 'mac': False, 'linux': False}"
"2834890";"Christmas Stories: The Legend of Toymakers Collector's Edition";"13,79‚Ç¨";"16-02-2024";"['Elephant Games']";"[]";"False";"{'windows': True, 'mac': True, 'linux': False}"
"2834930";"Ravva and the Netherworld Train";"";"None";"['Galope Studios']";"[]";"False";"{'windows': True, 'mac': False, 'linux': False}"
"2834950";"Moon War Meta";"";"soon";"['ATNM Digital Solutions']";"[]";"False";"{'windows': True, 'mac': False, 'linux': True}"
"2834980";"Echoes of Extinction Playtest";"";"19-02-2024";"[]";"[]";"False";"{'windows': True, 'mac': False, 'linux': False}"
"2834990";"CIRCLE = CIRCLE";"";"2024";"['Shibamaru Games']";"[]";"False";"{'windows': True, 'mac': False, 'linux': False}"
"2835020";"TRANSMOGRIFIED!";"";"2024";"['A Spicy Meatball']";"[]";"False";"{'windows': True, 'mac': False, 'linux': False}"
"2835030";"Hidden Dino Cats";"";"2025";"['Faithy Games']";"[]";"False";"{'windows': True, 'mac': True, 'linux': True}"
"2835050";"Appetit MR";"4,99‚Ç¨";"26-03-2024";"['Gavin Rector', 'ROSSCO Games']";"[]";"False";"{'windows': True, 'mac': False, 'linux': False}"
"2835060";"Street Fighting Simulator";"0,49‚Ç¨";"1-03-2024";"['Astra Playroom']";"[]";"False";"{'windows': True, 'mac': False, 'linux': False}"
"2835070";"ÁÆ±Â∫≠Â∞èÈßÖ‰ºù";"";"28-02-2024";"['Shin Tomura']";"[]";"False";"{'windows': True, 'mac': False, 'linux': False}"
"2835110";"Sea Fantasy";"";"2025";"['METASLA']";"[]";"False";"{'windows': True, 'mac': False, 'linux': False}"
"2834170";"Blackthorn Winter Playtest";"";"16-02-2024";"[]";"[]";"False";"{'windows': True, 'mac': False, 'linux': False}"
"2834220";"Femdom Game World: Stepsister";"5,89‚Ç¨";"28-03-2024";"['Femdom Game World']";"[]";"False";"{'windows': True, 'mac': False, 'linux': False}"
"2834320";"Exographer";"";"None";"['SciFunGames']";"[]";"False";"{'windows': True, 'mac': True, 'linux': False}"
"2834400";"Shy Cats Hidden Tracks - Paris";"";"2024";"['Enchant Games']";"[]";"False";"{'windows': True, 'mac': False, 'linux': False}"
"2834430";"Pizzakai";"";"soon";"['Secret Ten Studios']";"[]";"False";"{'windows': True, 'mac': False, 'linux': False}"
"2834450";"Fear of Fear";"";"2024";"['Hound Scheme']";"[]";"False";"{'windows': True, 'mac': True, 'linux': False}"
"2834490";"‰∏çÈ¶ô„ÅÆËä± - Snow Flower";"1,99‚Ç¨";"1-03-2024";"['ÊñúÂ°î„ÇΩ„É≥„Éñ„É¨„É≠']";"[]";"False";"{'windows': True, 'mac': False, 'linux': False}"
"2834630";"Unyverse";"";"2025";"['Afrime Studios']";"[]";"False";"{'windows': True, 'mac': False, 'linux': False}"
"2833800";"Gamer Stats Pro";"2,99‚Ç¨";"27-03-2024";"['Olabandi']";"[]";"False";"{'windows': True, 'mac': False, 'linux': False}"
"2833820";"Fox Golf";"9,75‚Ç¨";"8-03-2024";"['Fox Games']";"[]";"False";"{'windows': True, 'mac': False, 'linux': False}"
"2833830";"Gas Gas Rocket!";"9,75‚Ç¨";"7-03-2024";"['Gamesforgames']";"[]";"False";"{'windows': True, 'mac': False, 'linux': False}"
"2833840";"Brutalismus: Chapter 1";"";"soon";"['Induction Studio']";"[]";"False";"{'windows': True, 'mac': False, 'linux': False}"
"2833880";"Antidote city hall";"";"soon";"['vonka']";"[]";"False";"{'windows': True, 'mac': False, 'linux': False}"
"2833900";"King of The Jesters";"";"soon";"['Tessermind']";"[]";"False";"{'windows': True, 'mac': True, 'linux': False}"
"2833920";"TR-12";"";"1-05-2024";"['ArkBit Entertainment']";"[]";"False";"{'windows': True, 'mac': False, 'linux': False}"
"2833950";"Psychometric Personality Profiler";"2,99‚Ç¨";"27-03-2024";"['Cimex']";"[]";"False";"{'windows': True, 'mac': False, 'linux': False}"
"2833980";"Tower of Whispers";"";"soon";"['Legion Studio']";"[]";"False";"{'windows': True, 'mac': False, 'linux': False}"
"2833990";"Wizard Combat Playtest";"";"5-03-2024";"[]";"[]";"False";"{'windows': True, 'mac': False, 'linux': False}"
"2834000";"Realm of the Everbound";"";"soon";"['Elusive Panda']";"[]";"False";"{'windows': True, 'mac': False, 'linux': False}"
"2834040";"Music Sim Empire";"";"2025";"['Jonny Lynx']";"[]";"False";"{'windows': True, 'mac': True, 'linux': False}"
"2834060";"Alcatraz";"0,69‚Ç¨";"26-02-2024";"['Game Sunlight']";"[]";"False";"{'windows': True, 'mac': False, 'linux': False}"
"2834110";"Living with temptation: American sunset";"";"None";"['Lesson of Passion']";"[]";"False";"{'windows': True, 'mac': True, 'linux': True}"
"2833150";"Shade Playtest";"";"13-02-2024";"[]";"[]";"False";"{'windows': True, 'mac': False, 'linux': False}"
"2833320";"Customer Disservice";"";"2024";"['Sudden Frog']";"[]";"False";"{'windows': True, 'mac': False, 'linux': False}"
"2833360";"Kitty Kitty Bounce Bounce";"";"2024";"['Liquid Darkness']";"[]";"False";"{'windows': True, 'mac': False, 'linux': False}"
"2833380";"Gravity Control";"";"soon";"['Martin Reinok']";"[]";"False";"{'windows': True, 'mac': False, 'linux': False}"
"2833430";"A Journey's End";"";"None";"['Yobob']";"[]";"False";"{'windows': True, 'mac': False, 'linux': False}"
"2833440";"Paragon Slots";"17,49‚Ç¨";"29-02-2024";"['Depiction Games']";"[]";"False";"{'windows': True, 'mac': False, 'linux': False}"
"2832650";"Cozy Designer";"";"None";"['Lucky Raccoon Games']";"[]";"False";"{'windows': True, 'mac': False, 'linux': False}"
"2832680";"Rearea";"";"soon";"['Outside']";"[]";"False";"{'windows': True, 'mac': False, 'linux': False}"
"2832720";"Freestead Castle Defense";"";"soon";"['Dendrobytes']";"[]";"False";"{'windows': True, 'mac': True, 'linux': True}"
"2832730";"Bloomyth";"3,99‚Ç¨";"29-02-2024";"['Chihuas Games']";"[]";"False";"{'windows': True, 'mac': False, 'linux': False}"
"2832750";"Zephinala";"";"soon";"['Jortsoft']";"[]";"False";"{'windows': True, 'mac': True, 'linux': False}"
"2832780";"Wacky Jumpers";"8,79‚Ç¨";"2-03-2024";"['Studio Asgard Gaming']";"[]";"False";"{'windows': True, 'mac': False, 'linux': False}"
"2832810";"Miniatures";"";"soon";"['monoclelord']";"[]";"False";"{'windows': True, 'mac': False, 'linux': False}"
"2832820";"Mystic Guardians Slide";"0,99‚Ç¨";"19-02-2024";"['Fun Mind Games']";"[]";"False";"{'windows': True, 'mac': False, 'linux': False}"
"2832910";"Wacky Jumpers Playtest";"";"14-02-2024";"[]";"[]";"False";"{'windows': True, 'mac': False, 'linux': False}"
"2832060";"Mist Survivor";"";"soon";"['Moju Games']";"[]";"False";"{'windows': True, 'mac': False, 'linux': False}"
"2832070";"Kick'n Hell";"";"soon";"['Fire Foot Studios']";"[]";"False";"{'windows': True, 'mac': False, 'linux': False}"
"2832130";"One Socket";"";"2024";"['r8teful']";"[]";"False";"{'windows': True, 'mac': False, 'linux': False}"
"2832160";"The Raptured";"";"2025";"['L4S Games']";"[]";"False";"{'windows': True, 'mac': False, 'linux': False}"
"2832170";"Â∫üÊü¥ÈòüÂèã Stupid Teammates";"1,99‚Ç¨";"28-02-2024";"['7Chords']";"[]";"False";"{'windows': True, 'mac': True, 'linux': False}"
"2832180";"Cyber Tile";"";"2024";"['PixelHeroForge']";"[]";"False";"{'windows': True, 'mac': False, 'linux': False}"
"2832230";"Book-Warm";"";"soon";"['Volvox Games']";"[]";"False";"{'windows': True, 'mac': False, 'linux': False}"
"2832270";"College Gay Sex - Episode 1";"4,99‚Ç¨";"15-02-2024";"['EroticGamesClub']";"[]";"False";"{'windows': True, 'mac': True, 'linux': True}"
"2832300";"Brave Glin in Fairyaria";"";"soon";"['Prismacore Dream']";"[]";"False";"{'windows': True, 'mac': False, 'linux': False}"
"2832340";"Decypher";"3,99‚Ç¨";"20-03-2024";"['Rapid Rabbit']";"[]";"False";"{'windows': True, 'mac': False, 'linux': False}"
"2832360";"Mirror world";"33,99‚Ç¨";"28-02-2024";"['Mirror77']";"[]";"False";"{'windows': True, 'mac': False, 'linux': False}"
"2832380";"Fleximan";"0,99‚Ç¨";"28-02-2024";"['Serio Studio']";"[]";"False";"{'windows': True, 'mac': False, 'linux': False}"
"2832390";"Time To Live";"";"soon";"['WTFMAN']";"[]";"False";"{'windows': True, 'mac': False, 'linux': False}"
"2832400";"The Lust City 2";"";"2024";"['Candylight Studio']";"[]";"False";"{'windows': True, 'mac': True, 'linux': True}"
"2832430";"Flag & Country";"";"soon";"['Astro Game Studio']";"[]";"False";"{'windows': True, 'mac': False, 'linux': False}"
"2832450";"Ario";"12,79‚Ç¨";"1-04-2024";"['Vata Games']";"[]";"False";"{'windows': True, 'mac': False, 'linux': False}"
"2832460";"Getting Canceled Playtest";"";"13-02-2024";"[]";"[]";"False";"{'windows': True, 'mac': False, 'linux': False}"
"2832510";"Esteem - A Saga of the Little Wolf";"";"soon";"['Inugami Studio']";"[]";"False";"{'windows': True, 'mac': False, 'linux': False}"
"2832520";"Mind Over Magnet Playtest";"";"15-03-2024";"[]";"[]";"False";"{'windows': True, 'mac': False, 'linux': False}"
"2831550";"Lock n Drop Bracket Racing";"14,79‚Ç¨";"13-03-2024";"['Troy Stafford']";"[]";"False";"{'windows': True, 'mac': False, 'linux': False}"
"2831570";"Revenge of the Antagonist - BL (Boys Love)";"1,99‚Ç¨";"9-03-2024";"['ChaniMK']";"[]";"False";"{'windows': True, 'mac': True, 'linux': True}"
"2831590";"BLOWFLY2:OVERLIMIT";"";"None";"['MEWSTURBO']";"[]";"False";"{'windows': True, 'mac': False, 'linux': False}"
"2831610";"Simploe Tasks";"0,99‚Ç¨";"2-03-2024";"['LN']";"[]";"False";"{'windows': True, 'mac': False, 'linux': False}"
"2831650";"Solar War Playtest";"";"6-03-2024";"[]";"[]";"False";"{'windows': True, 'mac': False, 'linux': False}"
"2831700";"GizmoLab VR";"9,75‚Ç¨";"25-03-2024";"['De Martini Games']";"[]";"False";"{'windows': True, 'mac': False, 'linux': False}"
"2831730";"Millie Megavolte 8: Millie and the Mole King";"";"2024";"['Myroid-Type Comics']";"[]";"False";"{'windows': True, 'mac': False, 'linux': False}"
"2831750";"Punch The Undead";"";"2024";"['CORE Studio']";"[]";"False";"{'windows': True, 'mac': False, 'linux': False}"
"2831870";"Olive";"2,99‚Ç¨";"15-03-2024";"['Dustin Hollis']";"[]";"False";"{'windows': True, 'mac': False, 'linux': False}"
"2831900";"Crab Attack";"";"2024";"['Crab Attack Games']";"[]";"False";"{'windows': True, 'mac': False, 'linux': False}"
"2831940";"Brave Fantasy";"";"soon";"['Brave Studio']";"[]";"False";"{'windows': True, 'mac': False, 'linux': False}"
"2832020";"Hentai Tales: Mysterious Clinic";"0,99‚Ç¨";"21-03-2024";"['Hentai works']";"[]";"False";"{'windows': True, 'mac': True, 'linux': True}"
"2832040";"ÁôΩÊòºTheDay";"";"soon";"['ËîöËé±ÂÄçËé±']";"[]";"False";"{'windows': True, 'mac': False, 'linux': False}"
"2831060";"Moving Houses";"";"None";"['Gordon Little']";"[]";"False";"{'windows': True, 'mac': False, 'linux': False}"
"2831170";"Color Fear";"";"2024";"['West View']";"[]";"False";"{'windows': True, 'mac': False, 'linux': False}"
"2831200";"A Witch's Game";"";"24-06-2024";"['Astro Beef']";"[]";"False";"{'windows': True, 'mac': False, 'linux': False}"
"2831270";"Chiaroscuro";"";"2025";"['Torcheye Games']";"[]";"False";"{'windows': True, 'mac': False, 'linux': False}"
"2831320";"babe-lathe";"";"2024";"['tjern']";"[]";"False";"{'windows': True, 'mac': False, 'linux': True}"
"2831330";"‰∏âÂõΩÊàòÊ£ã Three Kingdoms Battle Chess";"9,75‚Ç¨";"2-03-2024";"['Â§©Âú∞‰πæÂù§Â∑•‰ΩúÂÆ§']";"[]";"False";"{'windows': True, 'mac': False, 'linux': False}"
"2831350";"Magnet Jack Playtest";"";"12-02-2024";"[]";"[]";"False";"{'windows': True, 'mac': False, 'linux': False}"
"2831540";"„Éî„É≥„ÉÅ50ÈÄ£Áô∫!!";"";"2024";"['KaeruPanda Inc.', 'GameStudio Inc.']";"[]";"False";"{'windows': True, 'mac': False, 'linux': False}"
"2830530";"SeDECKtion";"";"2024";"['Stepico Games LTD']";"[]";"False";"{'windows': True, 'mac': False, 'linux': False}"
"2830730";"Asyle";"";"None";"['ArxTec']";"[]";"False";"{'windows': True, 'mac': False, 'linux': False}"
"2830770";"Terra Exodus";"";"soon";"['GreyHoodieGames']";"[]";"False";"{'windows': True, 'mac': False, 'linux': False}"
"2830850";"Mother May I";"";"2025";"['CloudSnake']";"[]";"False";"{'windows': True, 'mac': False, 'linux': False}"
"2830870";"un/FRAGMENT.";"";"8-04-2024";"['izakiko paradox']";"[]";"False";"{'windows': True, 'mac': True, 'linux': True}"
"2825110";"Technotopia";"";"ment";"['Yustas']";"[]";"False";"{'windows': True, 'mac': False, 'linux': False}"
"2821500";"Vom Drachent√∂ten Playtest";"";"6-02-2024";"[]";"[]";"False";"{'windows': True, 'mac': False, 'linux': False}"
"2821040";"Imperial Lovers";"";"2024";"['LAPLACE']";"[]";"False";"{'windows': True, 'mac': False, 'linux': False}"
"2821060";"‰ªÄ‰πàÈ∏üÈÉΩ Playtest";"";"25-02-2024";"[]";"[]";"False";"{'windows': True, 'mac': False, 'linux': False}"
"2819500";"Heroes Of  Loot: Gauntlet Of Power Playtest";"";"5-02-2024";"[]";"[]";"False";"{'windows': True, 'mac': False, 'linux': False}"
"2819510";"Unparalleled: Zero";"";"None";"['Joseph Silberstein']";"[]";"False";"{'windows': True, 'mac': False, 'linux': False}"
"2819940";"Vacant's Mine";"4,99‚Ç¨";"29-03-2024";"['Refugium Games']";"[]";"False";"{'windows': True, 'mac': False, 'linux': False}"
"2819950";"The Warehouse";"$4.99";"29-02-2024";"['Matt Cunha']";"[]";"False";"{'windows': True, 'mac': False, 'linux': False}"
"2819030";"Rubbings";"";"soon";"['ÂçàÂ§úËØ¥‰π¶‰∫∫']";"[]";"False";"{'windows': True, 'mac': False, 'linux': False}"
"2819070";"Âõ†ÊûúÂæã Inside The Memory";"";"1-04-2024";"['Garnet Bloom', 'shian_3rd']";"[]";"False";"{'windows': True, 'mac': False, 'linux': False}"
"2819140";"Skeleton Messi";"";"soon";"['Micractive']";"[]";"False";"{'windows': True, 'mac': False, 'linux': False}"
"2819160";"jabara princess";"$15.99";"14-03-2024";"['ABALONEKISS']";"[]";"False";"{'windows': True, 'mac': False, 'linux': False}"
"2819170";"Desktop BaseBall 2";"8,--‚Ç¨";"6-03-2024";"['SAT-BOX']";"[]";"False";"{'windows': True, 'mac': False, 'linux': False}"
"2819190";"The Game Awards";"3,99‚Ç¨";"27-02-2024";"['Maxwell Software']";"[]";"False";"{'windows': True, 'mac': False, 'linux': False}"
"2819210";"Trolley Path to Gold";"1,99‚Ç¨";"22-02-2024";"['Nahibau Andrei']";"[]";"False";"{'windows': True, 'mac': False, 'linux': False}"
"2819290";"Powerup Humans";"";"2024";"['JAI SHAW']";"[]";"False";"{'windows': True, 'mac': True, 'linux': True}"
"2819330";"Live Cam Simulator";"0,99‚Ç¨";"1-03-2024";"['KAYAC Inc.']";"[]";"False";"{'windows': True, 'mac': False, 'linux': False}"
"2819380";"Regulator City Playtest";"";"5-02-2024";"[]";"[]";"False";"{'windows': True, 'mac': False, 'linux': False}"
"2818500";"Door Simulator";"";"2024";"['The Doorman']";"[]";"False";"{'windows': True, 'mac': False, 'linux': False}"
"2818510";"Observe and Report";"";"2024";"['Noham Games']";"[]";"False";"{'windows': True, 'mac': False, 'linux': False}"
"2818530";"Conquering Ciros";"4,99‚Ç¨";"12-03-2024";"['Crystalline Games']";"[]";"False";"{'windows': True, 'mac': False, 'linux': False}"
"2818560";"Cracking the Stone";"";"4-03-2024";"['Silvergull Games']";"[]";"False";"{'windows': True, 'mac': False, 'linux': False}"
"2818590";"Ranch Mayhem - Active Idler";"";"2025";"['Tobias Graski']";"[]";"False";"{'windows': True, 'mac': False, 'linux': False}"
"2818600";"D-Day Invasions";"";"soon";"['Strange Games Studios, Inc.']";"[]";"False";"{'windows': True, 'mac': False, 'linux': False}"
"2818620";"Magic Monster Slasher";"";"2024";"['BloomFrost Games']";"[]";"False";"{'windows': True, 'mac': False, 'linux': False}"
"2818630";"Trucker Joe 2";"";"None";"['Sundrum Development']";"[]";"False";"{'windows': True, 'mac': False, 'linux': False}"
"2818670";"PrismaVenture Clash";"";"None";"['Choochoolate Games']";"[]";"False";"{'windows': True, 'mac': False, 'linux': False}"
"2818680";"Marble Meadows";"";"soon";"['Studio Hitsuji']";"[]";"False";"{'windows': True, 'mac': False, 'linux': False}"
"2818690";"A Short Odyssey";"";"None";"['Jake S. Del Mastro']";"[]";"False";"{'windows': True, 'mac': False, 'linux': False}"
"2818730";"Kindred";"";"soon";"['Liam Davidson']";"[]";"False";"{'windows': True, 'mac': True, 'linux': False}"
"2818800";"SymbioPhobiA";"";"2024";"['Radikal Theory Games']";"[]";"False";"{'windows': True, 'mac': False, 'linux': False}"
"2818830";"Ghost Ascension";"";"2024";"['Gasu Studios']";"[]";"False";"{'windows': True, 'mac': False, 'linux': False}"
"2818860";"Outflow";"7,79‚Ç¨";"26-03-2024";"['Horizonity']";"[]";"False";"{'windows': True, 'mac': False, 'linux': False}"
"2818870";"Engine Room";"7,79‚Ç¨";"27-03-2024";"['Nial Petzold']";"[]";"False";"{'windows': True, 'mac': False, 'linux': False}"
"2818950";"Code Name: Unstable";"";"soon";"['LostDeception']";"[]";"False";"{'windows': True, 'mac': False, 'linux': False}"
"2818020";"Focus Tower";"4,99‚Ç¨";"17-02-2024";"['Spacefarer R&D Ltd.']";"[]";"False";"{'windows': True, 'mac': False, 'linux': True}"
"2818040";"Â•áÂ¢ÉÁªøÊ¥≤";"194,99‚Ç¨";"19-02-2024";"['Ni Mahao']";"[]";"False";"{'windows': True, 'mac': False, 'linux': False}"
"2818060";"Permanent: Hope & Vacuum";"";"2024";"['DOgames']";"[]";"False";"{'windows': True, 'mac': False, 'linux': False}"
"2818080";"Echoes of the Abyss";"";"2024";"['RK GAMES']";"[]";"False";"{'windows': True, 'mac': False, 'linux': False}"
"2818120";"Solar Kingdoms: Human Survival";"";"soon";"['Little Dreams Gaming']";"[]";"False";"{'windows': True, 'mac': False, 'linux': False}"
"2818160";"Edenbound";"";"soon";"['Louis DeSimone']";"[]";"False";"{'windows': True, 'mac': False, 'linux': False}"
"2818300";"Keepers of ancient lands";"";"soon";"['Soomka Games']";"[]";"False";"{'windows': True, 'mac': False, 'linux': False}"
"2818340";"Love and Crime";"2,59‚Ç¨";"8-03-2024";"['Mango x2']";"[]";"False";"{'windows': True, 'mac': True, 'linux': False}"
"2818410";"Factory Tower";"";"30-04-2024";"['Kapusta Game Studio']";"[]";"False";"{'windows': True, 'mac': False, 'linux': False}"
"2818420";"Black Sails";"0,99‚Ç¨";"7-04-2024";"['Arno van Zyl']";"[]";"False";"{'windows': True, 'mac': False, 'linux': False}"
"2818440";"Alien Paradise";"";"2024";"['Sendo Estudio']";"[]";"False";"{'windows': True, 'mac': False, 'linux': False}"
"2817550";"Mika's Battle S";"3,19‚Ç¨";"23-02-2024";"['Anamik Majumdar']";"[]";"False";"{'windows': True, 'mac': False, 'linux': True}"
"2817560";"RE:Ark Playtest";"";"3-02-2024";"[]";"[]";"False";"{'windows': True, 'mac': False, 'linux': False}"
"2817580";"Autofahrt";"";"2024";"['CashcowGames']";"[]";"False";"{'windows': True, 'mac': False, 'linux': False}"
"2817760";"Yokai Tales: Fox";"";"None";"['Silkroad Studios']";"[]";"False";"{'windows': True, 'mac': False, 'linux': False}"
"2817800";"Enso Playtest";"";"2-02-2024";"[]";"[]";"False";"{'windows': True, 'mac': False, 'linux': False}"
"2817920";"Veil of the Skies";"";"soon";"['Crescent Dial Games']";"[]";"False";"{'windows': True, 'mac': False, 'linux': False}"
"2817930";"Skate O'Clock";"";"2024";"['Rogusz Entertainment']";"[]";"False";"{'windows': True, 'mac': False, 'linux': False}"
"2817960";"Button Man";"";"None";"['Styrax Studios Inc.']";"[]";"False";"{'windows': True, 'mac': False, 'linux': False}"
"2817020";"Lightist";"2,99‚Ç¨";"24-03-2024";"['Artipro']";"[]";"False";"{'windows': True, 'mac': False, 'linux': False}"
"2817030";"LunarMirror:MoonNightWithoutLight";"";"2024";"['WenYiGame']";"[]";"False";"{'windows': True, 'mac': False, 'linux': False}"
"2817050";"FOOL'S PARADISE";"";"None";"['DEADline Studios']";"[]";"False";"{'windows': True, 'mac': True, 'linux': True}"
"2817070";"Ê¢¶ÈáåÂΩ©Á¨∫Êù•";"1,99‚Ç¨";"3-03-2024";"['XIAOWUWEI']";"[]";"False";"{'windows': True, 'mac': False, 'linux': False}"
"2817110";"Relic";"";"2025";"['arrow']";"[]";"False";"{'windows': True, 'mac': False, 'linux': False}"
"2817180";"Guardian";"8,79‚Ç¨";"15-03-2024";"['MRGAI']";"[]";"False";"{'windows': True, 'mac': False, 'linux': False}"
"2817190";"With in the Obscurity";"1,99‚Ç¨";"4-03-2024";"['QZQ Studio']";"[]";"False";"{'windows': True, 'mac': False, 'linux': False}"
"2817200";"How Heavy Are My Nuts?";"0,99‚Ç¨";"16-03-2024";"['Brass Nuts']";"[]";"False";"{'windows': True, 'mac': False, 'linux': False}"
"2817210";"Ìï† Ïßì ÏóÜÎäî Íµ∞Ï£ºÎãò";"";"20-02-2024";"['HJMT']";"[]";"False";"{'windows': True, 'mac': False, 'linux': False}"
"2817240";"Let's Roll";"4,99‚Ç¨";"21-03-2024";"['dayme200']";"[]";"False";"{'windows': True, 'mac': False, 'linux': False}"
"2817390";"NTR RPG FALLEN GF";"";"soon";"['engawamania']";"[]";"False";"{'windows': True, 'mac': False, 'linux': False}"
"2817420";"Attribute2";"";"2025";"['Êó©Êô®w']";"[]";"False";"{'windows': True, 'mac': False, 'linux': False}"
"2817450";"Miaow.Emma";"2,99‚Ç¨";"26-02-2024";"['Solitude Box Design']";"[]";"False";"{'windows': True, 'mac': False, 'linux': False}"
"2816500";"Dissecting Love";"";"soon";"['Disco:very Studio']";"[]";"False";"{'windows': True, 'mac': True, 'linux': False}"
"2816510";"Rebuild the Wall";"";"2024";"['Youth Group Video Games LLC']";"[]";"False";"{'windows': True, 'mac': False, 'linux': False}"
"2816520";"Alchemist's Secret";"3,99‚Ç¨";"29-02-2024";"['PinkySoul']";"[]";"False";"{'windows': True, 'mac': False, 'linux': False}"
"2816570";"The Land of the Magnates";"";"2025";"['Permanent Way Games']";"[]";"False";"{'windows': True, 'mac': False, 'linux': False}"
"2816580";"Deck of Delirium";"";"8-04-2024";"['Sawyer Porte', 'Sydney Fonderie', 'Linda Li', 'Ian Richardson', 'Brandon Fields', 'Zhihao Wang', 'Andrew Duune']";"[]";"False";"{'windows': True, 'mac': False, 'linux': False}"
"2816590";"Convento";"";"2024";"['Sad Rooster', 'Lucak']";"[]";"False";"{'windows': True, 'mac': False, 'linux': False}"
"2816600";"Exovoid";"";"soon";"['Man Up Time']";"[]";"False";"{'windows': True, 'mac': True, 'linux': False}"
"2816630";"Brand New World";"";"soon";"['LandS Studio']";"[]";"False";"{'windows': True, 'mac': False, 'linux': False}"
"2816710";"The Backrooms: Unseen Tapes";"";"soon";"['Mayuns Games']";"[]";"False";"{'windows': True, 'mac': False, 'linux': False}"
"2816720";"Symphony Stride";"";"2024";"["Zeno's Adventure Team"]";"[]";"False";"{'windows': True, 'mac': False, 'linux': False}"
"2816730";"CONFINED: Leaving OKB-134";"";"2025";"['FIEND GAMES']";"[]";"False";"{'windows': True, 'mac': False, 'linux': False}"
"2816750";"ÂØùÂèñ„Çâ„ÇåÊÅãÊÑõ‰∫ãÊÉÖÔΩû‰∏äÂè∏„Å´Áµ°„ÇÅÂèñ„Çâ„Çå„Åü‰πôÂ•≥ÂøÉÔΩû";"28,99‚Ç¨";"21-02-2024";"['TRYSET Break']";"[]";"False";"{'windows': True, 'mac': False, 'linux': False}"
"2816760";"Ooka Ooka Adventure";"14,79‚Ç¨";"20-02-2024";"['Daemin N']";"[]";"False";"{'windows': True, 'mac': False, 'linux': False}"
"2816780";"SVSV Playtest";"";"31-01-2024";"[]";"[]";"False";"{'windows': True, 'mac': False, 'linux': False}"
"2816810";"Tarot Realms";"";"2024";"['Wizards of the Infinite Realms']";"[]";"False";"{'windows': True, 'mac': False, 'linux': False}"
"2816830";"The Corridors";"2,99‚Ç¨";"28-02-2024";"['Zach Brown']";"[]";"False";"{'windows': True, 'mac': False, 'linux': False}"
"2816930";"Gateworlds Playtest";"";"23-02-2024";"[]";"[]";"False";"{'windows': True, 'mac': False, 'linux': False}"
"2816940";"Bloody Heaven 2";"";"2024";"['ShaneGame']";"[]";"False";"{'windows': True, 'mac': False, 'linux': False}"
"2816950";"Home of the Yokai";"";"None";"['RAYKA STUDIO']";"[]";"False";"{'windows': True, 'mac': False, 'linux': False}"
"2816120";"Mazelit";"3,39‚Ç¨";"7-04-2024";"['Something Pink']";"[]";"False";"{'windows': True, 'mac': False, 'linux': True}"
"2816210";"Where Is George";"";"soon";"['SoftStoneGames']";"[]";"False";"{'windows': True, 'mac': False, 'linux': False}"
"2816260";"Kubits Gallery";"";"soon";"['NoLAN Games']";"[]";"False";"{'windows': True, 'mac': True, 'linux': False}"
"2816270";"DISCIN";"";"soon";"['Russell Ruffolo', 'Nolan Boyle']";"[]";"False";"{'windows': True, 'mac': False, 'linux': False}"
"2816280";"Save The Castle!";"";"soon";"['Endless Path Studios']";"[]";"False";"{'windows': True, 'mac': False, 'linux': False}"
"2816390";"Paintball - the puzzle game";"2,99‚Ç¨";"28-02-2024";"['Debuff Interactive']";"[]";"False";"{'windows': True, 'mac': False, 'linux': False}"
"2816420";"Slime Drop";"1,99‚Ç¨";"24-02-2024";"['SkorpionEros']";"[]";"False";"{'windows': True, 'mac': False, 'linux': False}"
"2816460";"Spells and Sacrifice";"";"2024";"['abiotic_studio']";"[]";"False";"{'windows': True, 'mac': False, 'linux': True}"
"2815500";"Stardust Demon";"";"2024";"['resnijars']";"[]";"False";"{'windows': True, 'mac': True, 'linux': True}"
"2815560";"Siphonogore";"";"None";"['SurfaceToAsh']";"[]";"False";"{'windows': True, 'mac': False, 'linux': False}"
"2815580";"Bunny Rampage: History of Revenge";"";"soon";"['404 GAMES']";"[]";"False";"{'windows': True, 'mac': False, 'linux': False}"
"2815590";"Twizzle Puzzle: Birds";"1,99‚Ç¨";"15-02-2024";"["Cute Hannah's Games"]";"[]";"False";"{'windows': True, 'mac': False, 'linux': False}"
"2815600";"sterospeed";"1,99‚Ç¨";"15-02-2024";"['blain']";"[]";"False";"{'windows': True, 'mac': False, 'linux': False}"
"2815670";"Path to the Creator";"2,99‚Ç¨";"24-02-2024";"['Zentyre']";"[]";"False";"{'windows': True, 'mac': False, 'linux': False}"
"2815680";"Astral Vangard";"2,99‚Ç¨";"5-03-2024";"['Mithronix Games']";"[]";"False";"{'windows': True, 'mac': False, 'linux': False}"
"2815700";"The Last Days of Friendship Valley";"";"soon";"['HEATHER FLOWERS']";"[]";"False";"{'windows': True, 'mac': False, 'linux': False}"
"2815710";"Primavera Lihbor";"";"None";"['ZlakiFM']";"[]";"False";"{'windows': True, 'mac': False, 'linux': False}"
"2815740";"Andy Blast Vs The Forces of Evil";"";"soon";"['Someware Studios']";"[]";"False";"{'windows': True, 'mac': False, 'linux': False}"
"2815750";"Muchi Muchi SEX";"0,99‚Ç¨";"11-03-2024";"['„Å¨„Çã„Å¨„ÇãÂùä‰∏ª']";"[]";"False";"{'windows': True, 'mac': False, 'linux': False}"
"2815770";"Evostrike";"";"1-04-2024";"['DrTronik']";"[]";"False";"{'windows': True, 'mac': False, 'linux': False}"
"2815800";"Anomalytics: From the Files of the Arcane Statistics Authority";"4,99‚Ç¨";"28-03-2024";"['Happy Accident Studios']";"[]";"False";"{'windows': True, 'mac': False, 'linux': False}"
"2815840";"Nash Racing: Battle";"0,55‚Ç¨";"15-02-2024";"['Tero Lunkka', 'Valkeala Software']";"[]";"False";"{'windows': True, 'mac': False, 'linux': False}"
"2815910";"ÈÅ•ÈÅ•È¢ÜÂÖà";"";"2024";"['Rogueroom']";"[]";"False";"{'windows': True, 'mac': False, 'linux': False}"
"2815960";"Robzawar";"29,99‚Ç¨";"20-02-2024";"['AfoGames']";"[]";"False";"{'windows': True, 'mac': False, 'linux': False}"
"2815000";"Pitta";"";"soon";"['ababababa']";"[]";"False";"{'windows': True, 'mac': False, 'linux': False}"
"2815040";"Nose: Breathing Rebellion";"";"soon";"['Feeel 3d']";"[]";"False";"{'windows': True, 'mac': False, 'linux': False}"
"2815100";"Christmas Journey to Santa";"8,79‚Ç¨";"16-02-2024";"['Roman Stasyshyn']";"[]";"False";"{'windows': True, 'mac': False, 'linux': False}"
"2815110";"Ascent of the Dragon";"1,19‚Ç¨";"20-02-2024";"['Hope defers disappointment']";"[]";"False";"{'windows': True, 'mac': False, 'linux': False}"
"2815150";"Hollow Floor";"";"2024";"['Ahmed Khalifa', 'Pete Gresser']";"[]";"False";"{'windows': True, 'mac': True, 'linux': True}"
"2815180";"Echovale";"";"None";"['Curry On Rice']";"[]";"False";"{'windows': True, 'mac': True, 'linux': False}"
"2815210";"Marzia lost in space";"0,99‚Ç¨";"23-02-2024";"['Egant']";"[]";"False";"{'windows': True, 'mac': False, 'linux': False}"
"2815230";"Phantom Spark Playtest";"";"19-02-2024";"[]";"[]";"False";"{'windows': True, 'mac': False, 'linux': False}"
"2815260";"Digitalter";"";"soon";"['irveld', 'Canliferous']";"[]";"False";"{'windows': True, 'mac': False, 'linux': True}"
"2815390";"‰ªôÂÆóÁÆì";"";"2024";"['Buding Games']";"[]";"False";"{'windows': True, 'mac': False, 'linux': False}"
"2815460";"Maze of Realities: Symphony of Invention Collector's Edition";"$11.19";"5-03-2024";"['DominiGames']";"[]";"False";"{'windows': True, 'mac': False, 'linux': False}"
"2815470";"Haunt N Seek: Silent Siren";"";"soon";"['Nathan Pacheco']";"[]";"False";"{'windows': True, 'mac': False, 'linux': False}"
"2814520";"BlokhedJelli";"";"soon";"['Noveglut Studio']";"[]";"False";"{'windows': True, 'mac': False, 'linux': False}"
"2814540";"‰∫öÁ©ÜËíÇÊñØ";"";"24-03-2024";"['Èõ®Âè∂']";"[]";"False";"{'windows': True, 'mac': False, 'linux': False}"
"2814560";"Pro Football";"";"None";"['Pro Football']";"[]";"False";"{'windows': True, 'mac': True, 'linux': True}"
"2814570";"Joe Biden - Escape From MAGA Chapter 1";"$2.99";"15-02-2024";"['Quest Helper Studios']";"[]";"False";"{'windows': True, 'mac': True, 'linux': False}"
"2814640";"MERCS INC";"";"None";"['Mathieu Walsh', 'Georgios Charonitakis', 'Jason LaMaita', 'Jonathan Kings', 'Corey Taylor']";"[]";"False";"{'windows': True, 'mac': False, 'linux': False}"
"2814680";"Among The Whispers - Provocation";"";"soon";"['D&A Studios']";"[]";"False";"{'windows': True, 'mac': False, 'linux': False}"
"2814710";"ÂΩ±Â≠ê‰º†ËØ¥";"";"25-03-2024";"['ÂΩ±Â≠ê‰º†ËØ¥']";"[]";"False";"{'windows': True, 'mac': False, 'linux': False}"
"2814760";"Immortals Must Die";"";"soon";"['Charles Paiva']";"[]";"False";"{'windows': True, 'mac': False, 'linux': False}"
"2814790";"The Darkness Below";"$12.99";"19-03-2024";"['ELEFTHERIADIS SAVVAS']";"[]";"False";"{'windows': True, 'mac': False, 'linux': True}"
"2814810";"I'm Determined to Make 3A: 01/65";"";"24-04-2024";"['ÂåÖÂº∫']";"[]";"False";"{'windows': True, 'mac': False, 'linux': False}"
"2814180";"The Witch's Assistant";"";"2024";"['Spectral Doe']";"[]";"False";"{'windows': True, 'mac': False, 'linux': False}"
"2814210";"Zoo Simulator: Prologue Playtest";"";"15-02-2024";"[]";"[]";"False";"{'windows': True, 'mac': False, 'linux': False}"
"2814260";"Hypcampex¬Æ";"";"25-10-2024";"['Orboltix¬Æ', 'Biologists of Later Tomorrows (BOLT) LLC']";"[]";"False";"{'windows': True, 'mac': True, 'linux': True}"
"2813320";"FireWorks Inc.";"";"2024";"['95 Rats']";"[]";"False";"{'windows': True, 'mac': False, 'linux': False}"
"2813460";"Micro Dungeon";"$2.99";"13-03-2024";"['Oleksandr Stetsenko']";"[]";"False";"{'windows': True, 'mac': False, 'linux': True}"
"2813480";"Nyamon Tamer - Retro Edition";"";"None";"['sylvain_ch21']";"[]";"False";"{'windows': True, 'mac': False, 'linux': False}"
"2812520";"Treasures of the Sunken Ship";"";"2024";"['SchizoID game studio']";"[]";"False";"{'windows': True, 'mac': False, 'linux': False}"
"2812540";"PalmRide: After Flight";"";"None";"['Pixelbois']";"[]";"False";"{'windows': True, 'mac': False, 'linux': True}"
"2812650";"Ë°ó2ÈôçÁÅµ Evil Draws Close";"";"2024";"['ÂΩº‰∫ëÂ∑•‰ΩúÂÆ§']";"[]";"False";"{'windows': True, 'mac': False, 'linux': False}"
"2812680";"I.O. Setter";"";"soon";"['Aleksey Aleksandrov']";"[]";"False";"{'windows': True, 'mac': False, 'linux': False}"
"2812720";"Pigmenta";"$4.99";"18-02-2024";"['Bouke Stam']";"[]";"False";"{'windows': True, 'mac': True, 'linux': False}"
"2811500";"UAV Operator";"";"soon";"['FireDevTeam']";"[]";"False";"{'windows': True, 'mac': False, 'linux': True}"
"2809700";"Mushroom Moonrise";"";"soon";"['Crimson Leaf LLC']";"[]";"False";"{'windows': True, 'mac': False, 'linux': False}"
"2809770";"Eugenia's Pursuit: The Hidden Legacy";"$2.99";"23-02-2024";"['devX alone']";"[]";"False";"{'windows': True, 'mac': False, 'linux': False}"
"2809800";"golden road";"$0.99";"16-02-2024";"['wenzong']";"[]";"False";"{'windows': True, 'mac': False, 'linux': False}"
"2809820";"Dawn of the Ashen Queen";"";"2024";"['Shattered Moon Games']";"[]";"False";"{'windows': True, 'mac': False, 'linux': False}"
"2809830";"Hidden Animals Find : Detective Neko";"$8.99";"2-03-2024";"['Wolves']";"[]";"False";"{'windows': True, 'mac': False, 'linux': False}"
"2809950";"Sh*thead";"";"2024";"['Mark Ffrench', 'Emil Duxbury']";"[]";"False";"{'windows': True, 'mac': False, 'linux': False}"
"2809960";"Á´ã„Å°Áµµ„ÅåÂ§â„Å™„Éù„Éº„Ç∫„ÅÆÊÅãÊÑõ„Ç¢„Éâ„Éô„É≥„ÉÅ„É£„Éº";"";"2024";"['„Å™„Å™„Å´„ÅÆ„Çì']";"[]";"False";"{'windows': True, 'mac': False, 'linux': False}"
"2809030";"dreamboat";"$34.99";"23-02-2024";"['dreamboat']";"[]";"False";"{'windows': True, 'mac': False, 'linux': False}"
"2809110";"Enkindle";"$4.99";"16-02-2024";"['Vekaria']";"[]";"False";"{'windows': True, 'mac': False, 'linux': False}"
"2809170";"Blindsighted";"$2.54";"15-03-2024";"['Marlow Holliday']";"[]";"False";"{'windows': True, 'mac': False, 'linux': True}"
"2809200";"Fading Skies";"";"None";"['Distant Blue']";"[]";"False";"{'windows': True, 'mac': False, 'linux': False}"
"2809240";"Elemental Exiles";"";"2024";"['Final Game Studio']";"[]";"False";"{'windows': True, 'mac': False, 'linux': False}"
"2809260";"The Dark Thicket";"";"soon";"['Branson Anderson']";"[]";"False";"{'windows': True, 'mac': True, 'linux': False}"
"2809290";"The Wandering Demon Blade";"$7.99";"3-03-2024";"['Daemin N']";"[]";"False";"{'windows': True, 'mac': False, 'linux': False}"
"2805650";"Diamonds Collector";"9,75‚Ç¨";"3-03-2024";"['Gamesforgames']";"[]";"False";"{'windows': True, 'mac': False, 'linux': False}"
"2805660";"Fight till the End!";"9,75‚Ç¨";"7-03-2024";"['Gamesforgames']";"[]";"False";"{'windows': True, 'mac': False, 'linux': False}"
"2805680";"Infinity Boob Clicker";"4,99‚Ç¨";"5-04-2024";"['Lemonhaze Studio', 'M4tthy5']";"[]";"False";"{'windows': True, 'mac': False, 'linux': False}"
"2805700";"BDSM Sex - Episode 1";"4,99‚Ç¨";"2-02-2024";"['EroticGamesClub']";"[]";"False";"{'windows': True, 'mac': True, 'linux': True}"
"2805910";"The Circle Tales: Elvenwoods";"";"15-03-2024";"['Studio Castor']";"[]";"False";"{'windows': True, 'mac': True, 'linux': False}"
"2805960";"BUMPER BALLS";"";"19-03-2024";"['XETUP']";"[]";"False";"{'windows': True, 'mac': False, 'linux': False}"
"2804940";"MIRO";"";"2024";"['Lost Saved Data_']";"[]";"False";"{'windows': True, 'mac': False, 'linux': False}"
"2804970";"Frontier Paladin";"";"2024";"['Singular Scheme']";"[]";"False";"{'windows': True, 'mac': False, 'linux': False}"
